1,16.2722,100.35,1.2.192.0/23,,,
1,-33.7667,150.9167,1.41.64.0/20,,,
1,-30.2963,153.1135,1.43.7.0/24,,,
1,-33.8698,151.194,1.43.16.0/23,,,
1,10.8142,106.6438,1.54.0.0/22,,,
1,35.685,139.7514,1.75.192.0/21,,,
1,-27.0846,152.9511,1.156.203.192/26,,,
1,-37.7412,144.7363,1.159.65.0/24,,,
1,23.4792,120.4489,1.175.160.0/21,,,
1,13.75,100.4667,1.179.168.240/28,,,
1,12.8639,74.8353,1.186.56.0/23,,,
1,37.603,127.0115,1.211.72.0/21,,,
1,37.5985,126.9783,1.221.64.0/21,,,
1,37.3925,126.9269,1.235.32.0/23,,,
1,37.5985,126.9783,14.40.88.0/22,,,
1,22.5833,113.0833,14.120.160.0/19,,,
1,22.2833,114.15,14.136.198.0/23,,,
1,18.975,72.8258,14.139.124.96/28,,,
1,23.1167,113.25,14.152.128.0/17,,,
1,10.8142,106.6438,14.169.144.0/22,,,
1,28.4667,77.0333,14.194.236.0/24,,,
1,-37.8771,145.1294,14.201.68.0/24,,,
1,-27.5667,152.9667,14.202.87.0/24,,,
1,-32.081,116.0054,14.203.140.0/22,,,
1,-33.9167,151.0333,14.203.155.0/24,,,
1,13.75,100.4667,14.207.75.0/24,,,
1,10.0333,105.7833,14.237.24.0/21,,,
1,16,106,14.246.128.0/17,,,
1,17.3753,78.4744,27.59.136.112/28,,,
1,12.5,75,27.61.53.0/25,,,
1,13.0833,80.2833,27.62.80.0/24,,,
1,35.8492,139.9485,27.82.16.0/23,,,
1,35.477,139.487,27.92.150.0/23,,,
1,35.6994,139.8303,27.94.204.0/22,,,
1,32.9667,129.9333,27.132.100.0/23,,,
1,35.69,139.69,27.135.64.0/21,,,
1,37.5091,122.1136,27.203.64.0/18,,,
1,-7.1502,111.8817,36.67.230.0/24,,,
1,-6.1781,106.63,36.71.82.0/23,,,
1,-6.8222,107.1394,36.72.88.0/24,,,
1,-7.6298,111.5239,36.74.38.0/24,,,
1,13.4746,144.7464,38.99.242.0/23,,,
1,24.8036,120.9686,39.9.201.0/24,,,
1,25.0478,121.5318,39.12.194.0/23,,,
1,37.2859,127.0099,39.117.136.0/22,,,
1,-20.3094,57.5008,41.136.34.0/23,,,
1,-21.2831,55.518,41.213.252.0/25,,,
1,34.6836,113.5325,42.1.128.0/17,,,
1,25.0478,121.5318,42.72.184.0/22,,,
1,23.4792,120.4489,42.75.240.0/21,,,
1,23.5,121,42.76.108.0/23,,,
1,24.5643,120.8237,42.76.136.0/23,,,
1,23.0333,72.6167,42.106.34.0/25,,,
1,28.6667,77.2167,42.108.184.0/23,,,
1,13.0833,80.2833,42.111.172.0/24,,,
1,21.0333,105.85,42.112.157.0/24,,,
1,21.0333,105.85,42.113.196.0/22,,,
1,34.9988,138.3879,42.124.148.0/23,,,
1,39.2069,141.2629,42.125.244.0/22,,,
1,35.2266,139.6483,42.145.190.0/23,,,
1,35.4403,139.6137,42.148.48.0/22,,,
1,3.1729,101.7334,42.190.252.0/22,,,
1,3.0383,101.7094,42.191.54.0/24,,,
1,22.2833,114.15,42.200.191.0/24,,,
1,-33.8591,151.2002,43.225.12.0/24,,,
1,39.1422,117.1767,43.229.232.0/22,,,
1,22.25,114.1667,45.113.0.0/22,,,
1,20,77,45.113.66.0/24,,,
1,-33.8678,151.2073,45.122.230.0/24,,,
1,20,77,45.127.24.0/22,,,
1,22.5697,88.3697,45.248.56.128/26,,,
1,36.0564,103.7922,45.255.152.0/22,,,
1,28.6,77.2,47.31.98.0/24,,,
1,28.6667,77.2167,47.31.247.0/24,,,
1,23.2667,77.4,47.247.165.0/24,,,
1,-37.9181,145.0354,49.3.70.64/26,,,
1,20.9667,72.9,49.34.170.128/25,,,
1,13.05,100.9333,49.48.40.0/23,,,
1,37.4687,126.9458,49.142.35.128/25,,,
1,37.5985,126.9783,49.142.36.0/22,,,
1,9.6475,123.8556,49.145.128.32/27,,,
1,14.4736,121.0488,49.147.22.0/23,,,
1,10.3111,123.8917,49.147.161.0/24,,,
1,14.1818,121.3406,49.147.249.64/26,,,
1,10.3111,123.8917,49.148.104.0/21,,,
1,16.4164,120.5931,49.150.228.0/23,,,
1,24.757,121.753,49.158.204.0/24,,,
1,-27.5833,153.05,49.187.64.0/22,,,
1,-27.4732,153.0215,49.187.144.0/21,,,
1,-37.8182,145.0018,49.199.16.0/21,,,
1,16.7,81.1,49.207.200.0/24,,,
1,25.0478,121.5318,49.214.166.0/23,,,
1,25.0478,121.5318,49.218.84.0/24,,,
1,-36.8485,174.7635,49.225.198.0/24,,,
1,-35.2615,174.1226,49.225.209.224/27,,,
1,-36.8485,174.7635,49.227.107.0/24,,,
1,12.9833,77.5833,49.249.136.0/22,,,
1,34.65,137.2,49.253.222.0/23,,,
1,-33.8678,151.2073,49.255.213.0/24,,,
1,1.2931,103.8558,52.119.205.0/24,,,
1,14.5955,120.9721,58.69.160.228/30,,,
1,34.851,135.7882,58.70.52.0/24,,,
1,-27.5123,153.0325,58.96.43.48/29,,,
1,-27.5123,153.0325,58.96.43.224/28,,,
1,22.2833,114.15,58.152.96.0/23,,,
1,-33.8678,151.2073,58.164.1.64/26,,,
1,-27.35,152.9833,58.165.248.0/23,,,
1,22.3167,114.1667,58.176.216.0/23,,,
1,-34.0667,150.8167,58.178.17.0/25,,,
1,-33.75,150.7,58.178.25.128/26,,,
1,-37.7984,144.9783,58.179.140.0/22,,,
1,-31.9674,115.8621,58.179.208.0/21,,,
1,1.2931,103.8558,58.182.0.0/21,,,
1,35.2839,136.2504,58.191.152.0/21,,,
1,31.3041,120.5954,58.208.48.0/21,,,
1,32.0617,118.7778,58.211.38.0/23,,,
1,32.0617,118.7778,58.216.189.128/27,,,
1,32.0617,118.7778,58.222.206.0/24,,,
1,35.1028,129.0403,58.226.176.0/21,,,
1,36.8553,126.9537,59.11.64.0/22,,,
1,23.1167,113.25,59.41.168.0/21,,,
1,12.3072,76.6497,59.98.104.0/22,,,
1,-33.494,143.2104,59.100.155.0/24,,,
1,-37.8864,145.0025,59.100.164.0/24,,,
1,-35.0682,150.6748,59.101.71.192/26,,,
1,-33.8615,151.2055,59.101.98.32/27,,,
1,35.6994,139.8303,59.138.24.0/21,,,
1,22.2833,114.15,59.148.220.0/22,,,
1,22.25,114.1667,59.152.238.0/23,,,
1,35.69,139.69,59.156.80.0/20,,,
1,28.6,77.2,59.177.100.0/25,,,
1,1.2931,103.8558,59.189.8.0/21,,,
1,41.7922,123.4328,60.17.223.169/32,,,
1,38.2175,140.3337,60.42.154.0/23,,,
1,3.0934,101.6794,60.49.107.0/24,,,
1,35.6633,139.8593,60.64.176.0/23,,,
1,35.1802,136.9067,60.93.114.0/23,,,
1,34.4584,132.8194,60.99.228.0/22,,,
1,34.836,135.1029,60.107.8.0/22,,,
1,35.705,139.6974,60.110.150.0/23,,,
1,35.4,136.7167,60.132.140.0/22,,,
1,34.5401,135.5964,60.134.49.0/24,,,
1,34.6352,135.5382,60.135.213.0/25,,,
1,35.69,139.69,60.139.76.0/22,,,
1,34.8458,135.1504,60.139.112.0/23,,,
1,35.5167,140.0833,60.152.112.0/22,,,
1,35.69,139.69,60.154.128.0/19,,,
1,30.2936,120.1614,60.190.76.128/28,,,
1,39.9289,116.3883,60.206.128.0/17,,,
1,-32.0167,115.8333,60.225.76.128/25,,,
1,-23.8485,151.2577,60.226.153.0/24,,,
1,9.4942,76.3275,61.3.170.0/23,,,
1,16.5811,77.7489,61.12.41.0/25,,,
1,22.5697,88.3697,61.12.81.0/25,,,
1,34.7449,135.3136,61.46.43.0/24,,,
1,39.9288,116.3889,61.51.144.0/21,,,
1,-32.5269,115.7217,61.69.74.128/26,,,
1,37.5112,126.9741,61.73.200.0/21,,,
1,37.5112,126.9741,61.80.64.0/20,,,
1,14.3738,100.5631,61.90.176.0/23,,,
1,22.3167,114.1833,61.93.154.0/25,,,
1,25.0478,121.5318,61.230.16.0/21,,,
1,22.2833,114.15,61.239.168.0/24,,,
1,35.69,139.69,65.99.28.0/22,,,
1,1.3667,103.8,66.228.0.0/20,,,
1,42.8333,132.8947,77.34.36.0/23,,,
1,44.4064,131.3769,77.35.210.0/23,,,
1,50.2667,127.5333,79.105.226.0/24,,,
1,-20.8823,55.4504,90.10.92.0/22,,,
1,52.2978,104.2964,91.185.56.0/21,,,
1,48.4808,135.0928,92.37.163.0/25,,,
1,48.4808,135.0928,95.70.8.0/24,,,
1,37.5112,126.9741,101.1.32.0/19,,,
1,22.6163,120.3133,101.9.208.0/24,,,
1,25.0478,121.5318,101.10.50.128/25,,,
1,24.8383,121.0078,101.10.51.0/24,,,
1,39.9289,116.3883,101.36.88.0/21,,,
1,22.3167,114.1833,101.78.170.0/24,,,
1,13.4443,144.7863,101.99.165.0/24,,,
1,13.3633,144.7102,101.99.189.128/25,,,
1,13.4443,144.7863,101.99.191.0/25,,,
1,34.7725,113.7266,101.129.0.0/16,,,
1,24.8036,120.9686,101.138.156.0/23,,,
1,34.8037,135.7297,101.140.104.0/21,,,
1,-33.8842,151.2315,101.164.48.0/23,,,
1,-38.339,143.5849,101.173.148.192/26,,,
1,-31.7893,115.7968,101.175.133.224/28,,,
1,-33.8834,151.1562,101.176.199.192/27,,,
1,-33.6994,150.9536,101.176.234.32/27,,,
1,-19.2664,146.8057,101.177.27.160/27,,,
1,-27.4732,153.0215,101.177.164.0/23,,,
1,-31.9674,115.8621,101.179.128.0/24,,,
1,-33.6994,150.9536,101.180.26.192/26,,,
1,-31.8882,115.8719,101.186.110.0/23,,,
1,20,77,101.220.0.0/16,,,
1,31.0456,121.3997,101.237.0.0/16,,,
1,-33.8612,151.1982,103.1.205.45/32,,,
1,20,77,103.6.26.0/23,,,
1,-33.8928,151.2472,103.12.101.0/27,,,
1,18.975,72.8258,103.19.132.0/22,,,
1,23.7,90.375,103.23.43.0/24,,,
1,14.5955,120.9721,103.38.172.0/22,,,
1,28.6667,77.2167,103.39.116.0/23,,,
1,39.1422,117.1767,103.45.168.0/22,,,
1,2.5,112.5,103.54.52.0/22,,,
1,22.25,114.1667,103.61.220.0/22,,,
1,22.25,114.1667,103.71.148.0/22,,,
1,23.7,90.375,103.72.76.0/22,,,
1,20,77,103.83.12.0/23,,,
1,34.6864,135.52,103.93.78.0/24,,,
1,-6.175,106.8286,103.94.238.0/23,,,
1,20,77,103.97.84.0/24,,,
1,34.7725,113.7266,103.98.180.0/22,,,
1,35.69,139.69,103.100.190.0/23,,,
1,1.2931,103.8558,103.101.238.0/24,,,
1,34.7725,113.7266,103.103.220.0/22,,,
1,20,77,103.107.206.0/24,,,
1,-6,147,103.112.101.0/24,,,
1,23.5,121,103.127.132.0/22,,,
1,1.6671,101.4432,103.131.244.0/23,,,
1,26.45,74.6333,103.195.181.0/24,,,
1,27.7167,75.4833,103.195.220.0/23,,,
1,23.7,90.375,103.197.48.0/24,,,
1,22.25,114.1667,103.208.192.0/22,,,
1,-41,174,103.210.208.0/24,,,
1,-36.8485,174.7635,103.224.161.0/25,,,
1,-6.175,106.8286,103.227.220.0/22,,,
1,18.975,72.8258,103.233.114.0/23,,,
1,17.9667,102.6,103.240.240.0/24,,,
1,20,77,103.250.184.0/25,,,
1,31.4888,74.3686,103.255.4.32/27,,,
1,-31.8958,115.7643,106.68.152.0/23,,,
1,18.5333,73.8667,106.78.198.0/23,,,
1,20.5833,74.2,106.78.216.0/24,,,
1,35.685,139.7514,106.128.0.0/21,,,
1,35.6928,139.4181,106.160.170.0/23,,,
1,34.8405,135.795,106.162.168.0/21,,,
1,42.9845,144.3912,106.163.204.0/22,,,
1,35.4414,139.364,106.168.146.0/23,,,
1,35.6558,139.3239,106.186.48.0/21,,,
1,10.9925,76.9614,106.198.40.0/24,,,
1,12.9833,77.5833,106.200.200.0/21,,,
1,11.25,75.7667,106.208.231.0/24,,,
1,18.975,72.8258,106.209.142.0/23,,,
1,28.6,77.2,106.215.106.0/23,,,
1,37.5985,126.9783,106.253.216.0/21,,,
1,37.5985,126.9783,110.11.245.0/24,,,
1,-33.494,143.2104,110.33.168.0/21,,,
1,31.4888,74.3686,110.36.88.0/21,,,
1,14.5955,120.9721,110.54.225.80/29,,,
1,36.3078,138.9468,110.67.220.0/22,,,
1,13.7594,100.4889,110.78.138.64/26,,,
1,-32.221,116.009,110.141.204.0/22,,,
1,-32.2612,150.8901,110.143.153.160/27,,,
1,-32.1243,116.0259,110.146.224.64/27,,,
1,5.9623,100.472,110.159.107.0/24,,,
1,-33.8472,151.1038,110.174.24.0/22,,,
1,30.7343,76.7933,110.225.205.0/24,,,
1,34.7725,113.7266,111.18.128.0/17,,,
1,-41.2866,174.7756,111.69.36.0/23,,,
1,19.8833,75.3333,111.91.114.0/24,,,
1,13,105,111.118.155.0/24,,,
1,39.1422,117.1767,111.165.224.0/19,,,
1,33.0428,110.9972,111.178.144.0/20,,,
1,40.3625,116.1211,111.197.176.0/20,,,
1,35.69,139.69,111.235.76.0/22,,,
1,35.7654,139.6578,111.239.41.160/27,,,
1,24.074,120.5384,111.246.128.0/21,,,
1,46,105,112.72.0.0/21,,,
1,25.45,81.85,112.79.215.0/25,,,
1,22.3,70.7833,112.110.79.0/24,,,
1,20,77,112.133.208.128/26,,,
1,37.5112,126.9741,112.146.208.0/20,,,
1,37.6185,126.9278,112.155.184.0/21,,,
1,37.5112,126.9741,112.160.160.0/21,,,
1,14.5955,120.9721,112.198.115.37/32,,,
1,14.5955,120.9721,112.198.147.0/24,,,
1,14.7349,121.1474,112.204.112.0/24,,,
1,14.9054,120.8256,112.204.175.0/25,,,
1,14.5693,121.0602,112.205.162.0/23,,,
1,14.3647,121.0556,112.209.183.0/24,,,
1,-33.8983,151.1775,112.213.162.0/23,,,
1,37.4386,127.1378,112.218.112.0/22,,,
1,13.7667,100.65,113.53.12.0/22,,,
1,38.9122,121.6022,113.111.36.0/23,,,
1,34.7962,134.8382,113.153.246.0/23,,,
1,-37.8956,145.026,113.197.14.64/26,,,
1,35.1028,129.0403,113.198.224.0/21,,,
1,22.2833,113.9333,113.254.142.0/23,,,
1,-6.175,106.8286,114.4.224.0/19,,,
1,-36.8874,174.7706,114.23.255.0/25,,,
1,25.0478,121.5318,114.32.144.0/21,,,
1,-32.7833,151.6333,114.73.50.0/24,,,
1,-32.95,151.6833,114.75.46.0/24,,,
1,-37.9,145.0833,114.76.135.0/24,,,
1,24.5251,121.5166,114.136.135.0/24,,,
1,24.9896,121.3187,114.137.16.0/22,,,
1,13.4443,144.7863,114.142.210.0/27,,,
1,34.1062,134.3597,114.157.32.0/22,,,
1,35.4333,132.8167,114.170.36.0/24,,,
1,34.439,132.4474,114.171.120.0/21,,,
1,34.7117,135.4909,114.172.156.0/22,,,
1,35.69,139.69,114.173.112.0/20,,,
1,38.1875,140.8587,114.178.64.0/23,,,
1,32.2014,130.0217,114.180.164.0/23,,,
1,34.6864,135.5181,114.190.136.0/22,,,
1,36.0292,129.3648,114.199.248.0/21,,,
1,37.5112,126.9741,115.21.72.0/21,,,
1,35.1028,129.0403,115.22.56.0/21,,,
1,34.8536,137.0164,115.37.20.0/24,,,
1,-27.3833,153.0667,115.64.212.64/26,,,
1,-27.6105,152.899,115.70.11.128/27,,,
1,-34.054,150.6962,115.70.142.56/29,,,
1,-37.8103,144.9544,115.70.164.40/29,,,
1,-37.8103,144.9544,115.70.205.192/26,,,
1,-37.8064,145.0309,115.70.244.180/30,,,
1,-6.1744,106.8294,115.124.69.0/24,,,
1,34.7725,113.7266,115.156.48.0/20,,,
1,32.9947,112.5328,115.158.0.0/18,,,
1,35.69,139.69,115.163.128.0/21,,,
1,35.8089,139.5357,115.179.70.0/24,,,
1,30.2936,120.1614,115.196.184.0/22,,,
1,34.7725,113.7266,116.13.156.0/23,,,
1,35.1547,126.9156,116.42.92.0/22,,,
1,14.5955,120.9721,116.50.144.0/21,,,
1,35.5349,139.4768,116.65.140.0/22,,,
1,9.4942,76.3275,116.68.104.80/28,,,
1,33.5323,130.4769,116.94.142.0/24,,,
1,34.7725,113.7266,116.206.94.8/29,,,
1,-33.494,143.2104,116.250.220.0/24,,,
1,-36.9578,140.7383,116.251.20.224/28,,,
1,-36.8485,174.7635,116.251.188.0/23,,,
1,22.6163,120.3133,117.19.163.0/24,,,
1,35.7724,139.7418,117.53.12.0/23,,,
1,-6.175,106.8286,117.54.214.0/23,,,
1,32.0617,118.7778,117.61.152.0/21,,,
1,30.3229,78.0317,117.96.42.0/24,,,
1,34.7725,113.7266,117.132.128.0/17,,,
1,34.7725,113.7266,117.187.42.0/23,,,
1,9.9667,76.2333,117.196.138.0/24,,,
1,12.7667,75.2167,117.198.105.0/24,,,
1,21.15,79.1,117.215.36.0/22,,,
1,20,77,117.226.139.0/24,,,
1,9.2667,76.55,117.230.132.0/24,,,
1,20,77,117.239.101.160/27,,,
1,11.35,77.7333,117.246.4.0/23,,,
1,10.9667,79.3833,117.248.7.0/24,,,
1,34.9833,136.9833,118.4.192.0/21,,,
1,34.8,137.7833,118.13.40.0/23,,,
1,35.4786,139.5421,118.20.158.0/23,,,
1,-46.4,168.35,118.82.234.0/25,,,
1,-43.5333,172.6333,118.93.117.224/27,,,
1,-6.1744,106.8294,118.96.196.0/22,,,
1,-6.351,106.8765,118.99.108.0/22,,,
1,1.8578,103.0357,118.100.99.0/25,,,
1,35.0667,137.7,118.105.26.0/24,,,
1,35.6599,139.7239,118.109.104.0/24,,,
1,35.5392,139.4237,118.109.238.0/23,,,
1,29.6231,103.6936,118.122.64.0/20,,,
1,31.4593,104.7542,118.123.0.0/18,,,
1,-6.1781,106.63,118.136.254.0/24,,,
1,25.0478,121.5318,118.168.48.0/21,,,
1,13.75,100.4667,118.174.184.0/21,,,
1,1.2931,103.8558,118.200.152.0/21,,,
1,37.5112,126.9741,118.216.152.0/22,,,
1,35.5742,139.6695,118.240.191.0/25,,,
1,-32.2667,115.8333,119.77.68.0/24,,,
1,1.2931,103.8558,119.81.15.156/30,,,
1,1.2931,103.8558,119.81.76.128/25,,,
1,1.2931,103.8558,119.81.197.192/26,,,
1,35.6972,140.0734,119.83.128.0/22,,,
1,14.2786,121.4156,119.92.144.0/22,,,
1,14.3769,121.2637,119.95.170.0/24,,,
1,35.8587,139.4207,119.106.168.0/21,,,
1,22.5333,114.1333,119.123.240.0/20,,,
1,30.294,73.0735,119.156.72.0/22,,,
1,37.5112,126.9741,119.206.80.0/21,,,
1,-37.9333,145.3,119.224.152.0/21,,,
1,22.3,114.0167,119.236.125.0/24,,,
1,24.4798,118.0819,120.41.208.0/20,,,
1,-37.8781,145.1648,120.151.166.64/26,,,
1,-33.494,143.2104,120.153.40.0/21,,,
1,-27.2243,153.0208,120.154.152.0/23,,,
1,-31.841,115.8398,120.156.170.0/23,,,
1,22.5333,114.1333,120.229.83.0/24,,,
1,35.8894,139.7561,121.2.56.0/24,,,
1,34.9193,135.7998,121.82.250.0/23,,,
1,34.3553,135.6052,121.85.56.0/22,,,
1,-41.2866,174.7756,121.99.224.64/26,,,
1,35.69,139.69,121.111.48.0/21,,,
1,42.975,144.3747,121.115.72.0/23,,,
1,34.6276,135.5141,121.118.32.0/21,,,
1,43.7039,144.0973,121.118.232.0/22,,,
1,40.8244,140.74,121.119.126.0/23,,,
1,37.4951,127.0628,121.130.84.0/22,,,
1,37.5112,126.9741,121.132.152.0/21,,,
1,37.4536,126.7317,121.142.136.0/21,,,
1,37.5112,126.9741,121.147.208.0/21,,,
1,37.5112,126.9741,121.149.144.0/20,,,
1,35.4933,128.7489,121.158.232.0/22,,,
1,37.3514,127.9453,121.187.156.0/22,,,
1,39.9288,116.3889,121.194.64.0/20,,,
1,-33.8833,151.1,121.212.147.0/26,,,
1,-37.2854,142.9273,121.219.124.0/24,,,
1,-37.8103,144.9544,121.219.228.0/23,,,
1,14.5955,120.9721,122.3.68.240/30,,,
1,26.9167,75.8167,122.15.0.0/22,,,
1,18.975,72.8258,122.15.254.0/23,,,
1,34.9852,135.8385,122.21.32.0/22,,,
1,36.819,139.9716,122.29.200.0/21,,,
1,37.4536,126.7317,122.40.72.0/21,,,
1,35.685,139.7514,122.50.56.0/21,,,
1,14.5955,120.9721,122.52.143.0/26,,,
1,14.5955,120.9721,122.52.208.0/23,,,
1,14.5955,120.9721,122.52.229.17/32,,,
1,14.5955,120.9721,122.52.231.233/32,,,
1,14.5955,120.9721,122.54.132.0/26,,,
1,-35.7234,174.3258,122.58.12.0/24,,,
1,-35.75,174.2,122.58.15.0/24,,,
1,22.6163,120.3133,122.121.40.0/22,,,
1,33.5756,133.7037,122.129.164.0/23,,,
1,-33.948,151.0798,122.148.224.0/23,,,
1,-33.7333,151.1,122.149.198.0/24,,,
1,26.9167,75.8167,122.160.153.0/24,,,
1,30.7343,76.7933,122.173.104.0/22,,,
1,30.7343,76.7933,122.173.219.0/24,,,
1,28.6667,77.4333,122.177.131.0/24,,,
1,28.57,77.32,122.177.239.0/24,,,
1,33.5912,130.4013,122.218.26.0/23,,,
1,30.2936,120.1614,122.225.12.16/28,,,
1,30.2936,120.1614,122.225.199.104/29,,,
1,24.4798,118.0819,122.225.240.96/27,,,
1,32.0617,118.7778,122.226.185.96/27,,,
1,35.1625,136.9299,123.1.80.128/25,,,
1,-31.9674,115.8621,123.2.113.0/24,,,
1,-27.65,153.15,123.3.101.64/26,,,
1,35.1833,136.875,123.48.130.0/23,,,
1,39.9288,116.3889,123.119.80.0/20,,,
1,34.65,137.2,123.198.2.0/23,,,
1,22.2833,114.15,123.202.64.0/25,,,
1,-27.4833,153,123.211.147.128/25,,,
1,6.5075,80.0276,123.231.62.0/23,,,
1,20,77,123.252.176.0/22,,,
1,4.2678,113.9692,124.13.64.0/22,,,
1,34.5667,136.5333,124.44.80.0/23,,,
1,-10.1667,123.5833,124.81.8.120/29,,,
1,35.5494,139.6706,124.155.80.0/22,,,
1,-36.8485,174.7635,124.157.84.0/23,,,
1,32.1056,131.5056,124.159.192.0/24,,,
1,-31.9674,115.8621,124.169.194.0/24,,,
1,-35.3549,149.232,124.180.44.0/22,,,
1,-12.3705,130.8773,124.182.246.0/23,,,
1,-27.6113,153.3002,124.183.168.0/24,,,
1,-35.1036,150.6267,124.191.170.0/25,,,
1,35.172,136.8759,124.215.136.0/21,,,
1,22.3667,114.1,124.248.208.0/21,,,
1,30.3267,76.4003,124.253.192.0/24,,,
1,-31.75,115.8,125.7.118.0/23,,,
1,12.9833,77.5833,125.16.120.0/21,,,
1,12.9833,77.5833,125.16.167.128/28,,,
1,20,77,125.17.8.0/22,,,
1,20,77,125.18.232.0/23,,,
1,35.5257,139.6983,125.30.28.0/23,,,
1,35.5324,139.4467,125.102.248.0/23,,,
1,31.0456,121.3997,125.125.132.0/22,,,
1,37.5781,126.9351,125.128.152.0/21,,,
1,36.8065,127.1522,125.138.160.0/21,,,
1,35.69,139.69,125.175.240.0/21,,,
1,33.5121,130.423,125.201.74.0/23,,,
1,33.65,133.3333,125.205.144.0/21,,,
1,34.6836,113.5325,125.219.124.0/22,,,
1,34.7725,113.7266,125.221.250.0/23,,,
1,43.0978,141.3396,126.6.164.0/23,,,
1,35.7087,139.8317,126.12.68.0/22,,,
1,34.5021,132.5141,126.29.212.0/22,,,
1,35.69,139.69,126.61.96.0/20,,,
1,35.69,139.69,126.73.152.0/21,,,
1,35.7861,139.6612,126.77.68.0/24,,,
1,34.5798,133.6869,126.130.232.0/21,,,
1,35.4252,139.6393,126.147.138.0/24,,,
1,35.685,139.7514,126.147.177.0/24,,,
1,35.69,139.69,126.152.128.0/21,,,
1,35.4787,139.6319,126.153.26.0/23,,,
1,34.8831,134.728,126.161.140.0/24,,,
1,33.2523,130.2992,126.171.16.0/22,,,
1,35.7077,139.8425,126.199.4.64/26,,,
1,35.69,139.69,126.202.64.0/18,,,
1,35.69,139.69,126.224.128.128/25,,,
1,35.7411,139.6518,126.246.140.0/22,,,
1,35.69,139.69,133.15.192.0/19,,,
1,35.69,139.69,133.19.128.0/19,,,
1,35.69,139.69,133.25.224.0/20,,,
1,35.6464,139.6595,133.43.192.0/21,,,
1,35.69,139.69,133.68.96.0/20,,,
1,35.69,139.69,133.87.96.0/19,,,
1,34.5798,133.6869,133.137.41.0/24,,,
1,33.556,130.4425,133.137.212.0/25,,,
1,34.7068,135.2737,133.155.164.0/22,,,
1,35.724,139.7287,133.209.116.0/22,,,
1,35.1655,136.9045,133.218.26.0/23,,,
1,35.69,139.69,133.223.16.0/20,,,
1,-33.494,143.2104,134.159.165.192/26,,,
1,35.685,139.7514,136.146.48.0/20,,,
1,-35.1258,147.3537,139.168.175.128/26,,,
1,-33.7588,150.9929,139.218.82.0/23,,,
1,35.69,139.69,140.227.40.0/21,,,
1,-26.8035,153.1219,141.168.108.240/28,,,
1,-24.007,151.2003,143.238.156.0/23,,,
1,-33.9167,151.0333,144.132.136.88/30,,,
1,-34.424,150.8934,144.136.52.0/23,,,
1,-27.2243,153.0208,144.137.96.64/26,,,
1,-32.802,151.5133,147.10.36.0/23,,,
1,-27.5667,152.9667,149.135.60.0/23,,,
1,-32.0167,115.8333,149.167.210.0/24,,,
1,35.685,139.7514,150.31.34.0/23,,,
1,19.4667,72.8,150.107.17.64/26,,,
1,-12.4572,130.8366,150.191.0.0/21,,,
1,-33.494,143.2104,150.203.96.0/20,,,
1,35.69,139.69,152.165.112.0/20,,,
1,35.4409,136.8515,153.133.14.0/23,,,
1,35.685,139.7514,153.144.64.0/23,,,
1,37.7497,140.4252,153.144.132.0/22,,,
1,35.685,139.7514,153.159.80.0/21,,,
1,35.7013,139.8041,153.161.141.0/24,,,
1,35.4929,139.6379,153.164.116.0/22,,,
1,35.709,139.7742,153.170.132.0/23,,,
1,37.8244,140.5679,153.171.54.0/23,,,
1,33.55,133.55,153.180.226.0/23,,,
1,36.6971,137.2488,153.186.40.0/22,,,
1,35.69,139.69,153.196.216.0/21,,,
1,35.6422,139.75,153.202.200.0/23,,,
1,35.6749,139.7619,153.203.54.0/23,,,
1,35.9263,139.7878,153.216.40.0/21,,,
1,35.5143,138.8304,153.217.212.0/22,,,
1,35.9944,139.624,153.218.14.0/24,,,
1,36.3,139.8833,153.221.62.0/23,,,
1,40.8191,140.7903,153.232.113.0/24,,,
1,-21.25,55.5167,154.67.49.128/25,,,
1,-21.3393,55.4781,154.67.83.0/25,,,
1,-21.3393,55.4781,154.67.101.128/25,,,
1,26.9167,75.8167,157.37.18.0/23,,,
1,31.3256,75.5792,157.39.171.128/26,,,
1,20.2333,85.8333,157.41.131.0/24,,,
1,12.9833,77.5833,157.49.175.0/24,,,
1,39.9289,116.3883,157.119.252.0/22,,,
1,20,77,158.144.16.0/20,,,
1,-33.494,143.2104,159.207.0.0/17,,,
1,8.7333,77.7,160.238.94.0/23,,,
1,-37.8103,144.9544,167.179.132.35/32,,,
1,-6.175,106.8286,167.205.0.0/20,,,
1,17.3753,78.4744,167.219.48.0/23,,,
1,-33.494,143.2104,168.153.2.0/23,,,
1,31.1033,77.1722,169.149.239.128/25,,,
1,30.9167,77.1167,169.149.242.64/26,,,
1,20,77,170.251.110.0/23,,,
1,13.6,100.7167,171.7.36.0/23,,,
1,34.6836,113.5325,171.10.168.0/21,,,
1,20,77,171.49.0.0/17,,,
1,23.25,88.4333,171.51.167.0/24,,,
1,22.7167,75.8333,171.61.4.0/22,,,
1,15.2333,104.9,171.96.16.0/23,,,
1,13.7333,100.5,171.97.176.0/23,,,
1,13.75,100.4667,171.97.208.0/21,,,
1,13.9167,100.5,171.97.220.0/23,,,
1,22.8167,108.3167,171.104.128.0/19,,,
1,16,106,171.225.16.0/20,,,
1,34.6864,135.52,172.81.99.0/24,,,
1,-28.0707,153.3933,172.192.178.0/24,,,
1,-34.0473,151.1205,172.194.99.0/24,,,
1,-33.8678,151.2073,175.45.116.0/26,,,
1,37.3925,126.9269,175.115.32.0/22,,,
1,37.2336,127.201,175.119.92.0/23,,,
1,5.9342,116.0802,175.137.136.0/24,,,
1,3.075,101.7382,175.138.82.0/23,,,
1,6.9392,79.8436,175.157.153.0/24,,,
1,37.5112,126.9741,175.207.32.0/21,,,
1,35.8084,139.7575,180.2.204.0/23,,,
1,33.55,133.55,180.6.32.0/22,,,
1,35.1675,138.7044,180.9.172.0/22,,,
1,35.6344,139.7183,180.15.250.0/23,,,
1,33.7818,132.8245,180.20.158.0/23,,,
1,34.6602,133.929,180.26.48.0/21,,,
1,37.4724,138.8618,180.35.240.0/21,,,
1,35.69,139.69,180.36.104.0/21,,,
1,37.3907,126.7888,180.69.16.0/21,,,
1,20,77,180.87.166.128/27,,,
1,34.4275,135.3755,180.147.110.0/23,,,
1,-37.9167,145.05,180.150.31.0/26,,,
1,-38.3078,146.4137,180.150.43.192/26,,,
1,12.9833,77.5833,180.151.40.0/21,,,
1,13.75,100.4667,180.180.244.0/23,,,
1,-33.8615,151.2055,180.181.162.0/24,,,
1,13.8667,100.1917,180.183.83.0/25,,,
1,18.7142,99.0353,180.183.204.0/26,,,
1,32.0617,118.7778,180.209.64.0/18,,,
1,-31.9674,115.8621,180.216.68.0/23,,,
1,23.5,121,180.218.40.0/21,,,
1,-2.2083,113.9167,180.248.211.0/25,,,
1,-6.175,106.8286,182.23.118.0/23,,,
1,26.9167,75.8167,182.64.173.0/25,,,
1,28.6,77.2,182.69.12.0/23,,,
1,20,77,182.73.115.0/24,,,
1,20,77,182.74.96.0/21,,,
1,13.0833,80.2833,182.74.243.0/24,,,
1,20,77,182.75.2.0/25,,,
1,20,77,182.75.144.160/28,,,
1,20,77,182.75.168.0/23,,,
1,20,77,182.75.178.0/23,,,
1,28.6,77.2,182.77.28.0/24,,,
1,35.8992,114.1925,182.116.0.0/17,,,
1,24.1469,120.6839,182.155.32.0/20,,,
1,41.7922,123.4328,182.200.160.0/20,,,
1,-38.0333,145.35,182.239.176.0/21,,,
1,-38.0702,145.4741,182.239.185.144/28,,,
1,-38.2653,144.5147,182.239.191.0/24,,,
1,35.695,139.6738,182.250.245.0/27,,,
1,-6.175,106.8286,182.253.56.0/22,,,
1,-6.9931,110.4208,182.253.141.0/24,,,
1,3.1962,101.7121,183.78.53.128/25,,,
1,10.8142,106.6438,183.80.33.0/24,,,
1,17.4938,78.3317,183.82.205.128/26,,,
1,17.3172,79.408,183.83.25.0/25,,,
1,13.75,100.4667,183.89.34.0/24,,,
1,13.75,100.4667,183.89.163.0/24,,,
1,30.5801,114.2734,183.129.138.100/30,,,
1,1.9139,103.1326,183.171.226.0/24,,,
1,31.0456,121.3997,183.195.16.0/21,,,
1,13.1604,101.1083,184.22.186.128/25,,,
1,-41,174,185.221.68.52/31,,,
1,13.7594,100.4889,191.101.72.0/28,,,
1,-33.494,143.2104,192.160.229.0/24,,,
1,48.4808,135.0928,193.233.176.128/25,,,
1,35.69,139.69,194.117.100.152/30,,,
1,-20.2419,57.47,197.225.126.0/24,,,
1,-20.4286,57.6531,197.227.26.0/23,,,
1,34.7725,113.7266,198.1.189.224/27,,,
1,34.7725,113.7266,198.2.245.128/26,,,
1,34.7725,113.7266,198.15.168.96/27,,,
1,20,77,198.44.140.208/28,,,
1,13.75,100.4667,202.6.90.0/24,,,
1,-37.7886,144.9788,202.7.228.0/22,,,
1,-33.494,143.2104,202.8.64.0/24,,,
1,24.4798,118.0819,202.9.54.0/24,,,
1,24.4798,118.0819,202.21.147.0/24,,,
1,35.69,139.69,202.42.38.0/24,,,
1,-33.8842,151.2315,202.53.50.0/23,,,
1,14.5955,120.9721,202.57.44.0/24,,,
1,23.7552,90.3731,202.59.140.0/23,,,
1,-11.0553,-171.0883,202.70.119.0/24,,,
1,35.1,137.0667,202.79.152.0/22,,,
1,34.9912,135.8767,202.91.216.0/23,,,
1,39.1422,117.1767,202.122.64.0/19,,,
1,35.8704,137.0105,202.137.184.0/22,,,
1,-37.8103,144.9544,202.179.135.0/24,,,
1,35.69,139.69,202.222.0.0/19,,,
1,34.759,135.2339,202.229.165.64/26,,,
1,34.3374,132.5183,202.245.144.0/24,,,
1,-33.494,143.2104,203.1.96.0/24,,,
1,24.4798,118.0819,203.4.134.0/24,,,
1,-36.7582,144.2802,203.17.151.0/24,,,
1,-33.494,143.2104,203.20.168.0/21,,,
1,-33.494,143.2104,203.23.72.0/24,,,
1,-37.8667,144.6667,203.27.188.208/28,,,
1,-33.494,143.2104,203.28.151.0/24,,,
1,-23.1268,150.7441,203.28.229.0/24,,,
1,-33.494,143.2104,203.32.179.0/24,,,
1,-37.8548,144.9927,203.38.192.0/21,,,
1,-34.424,150.8934,203.40.98.0/24,,,
1,-42.8832,147.3317,203.52.130.0/25,,,
1,-33.284,149.1002,203.56.152.0/24,,,
1,-34.7009,138.678,203.63.88.192/26,,,
1,35.69,139.69,203.77.184.0/21,,,
1,37.5112,126.9741,203.81.152.0/21,,,
1,-37.6861,176.1667,203.97.23.128/25,,,
1,-33.494,143.2104,203.98.217.208/29,,,
1,2.7486,101.9435,203.106.156.0/23,,,
1,-40.3603,175.6143,203.114.160.0/23,,,
1,1.3667,103.8,203.117.24.0/21,,,
1,35.69,139.69,203.120.36.240/28,,,
1,1.3667,103.8,203.120.98.0/24,,,
1,1.3667,103.8,203.120.194.64/27,,,
1,13.75,100.4667,203.144.158.0/23,,,
1,13.75,100.4667,203.155.156.0/22,,,
1,35.69,139.69,203.163.0.0/18,,,
1,-37.8833,175.4667,203.167.188.0/23,,,
1,16,106,203.170.26.0/23,,,
1,35.0615,136.6899,203.174.196.0/23,,,
1,35.66,139.7239,203.174.242.0/24,,,
1,20,77,203.201.228.0/23,,,
1,16.0678,108.2208,203.205.40.0/22,,,
1,-37.9833,145.2,203.213.59.0/24,,,
1,22.2833,114.15,203.218.6.0/23,,,
1,37.5112,126.9741,203.251.152.0/21,,,
1,25.0478,121.5318,205.252.17.224/27,,,
1,-33.494,143.2104,210.9.96.192/26,,,
1,31.0456,121.3997,210.13.107.0/24,,,
1,24.4798,118.0819,210.34.192.0/20,,,
1,34.7725,113.7266,210.37.240.0/22,,,
1,12.9833,77.5833,210.57.204.0/23,,,
1,39.9288,116.3889,210.77.176.0/20,,,
1,34.7725,113.7266,210.83.212.0/22,,,
1,34.6168,137.107,210.151.160.0/22,,,
1,35.69,139.69,210.158.192.0/18,,,
1,3.1553,101.6668,210.195.82.0/23,,,
1,20,77,210.212.253.80/28,,,
1,35.685,139.7514,211.9.42.0/23,,,
1,22.8244,120.5042,211.21.228.0/22,,,
1,2.5,112.5,211.24.176.0/20,,,
1,3.1698,101.706,211.25.206.0/23,,,
1,37.5985,126.9783,211.36.150.32/27,,,
1,37.5112,126.9741,211.52.128.0/21,,,
1,28.1792,113.1136,211.67.208.0/20,,,
1,36.0986,120.3719,211.86.48.0/20,,,
1,37.6564,126.835,211.211.148.0/22,,,
1,37.5112,126.9741,211.211.160.0/21,,,
1,37.4536,126.7317,211.227.0.0/21,,,
1,37.5112,126.9741,211.236.128.0/20,,,
1,37.5112,126.9741,211.254.0.0/16,,,
1,32.0617,118.7778,218.4.47.136/29,,,
1,30.6667,104.0667,218.6.144.0/20,,,
1,45.75,126.65,218.7.112.0/23,,,
1,34.6836,113.5325,218.28.168.0/24,,,
1,34.6836,113.5325,218.28.245.0/26,,,
1,36.0986,120.3719,218.58.78.128/25,,,
1,31.0456,121.3997,218.79.32.0/19,,,
1,24.4798,118.0819,218.86.0.0/19,,,
1,32.0617,118.7778,218.90.137.192/27,,,
1,32.0617,118.7778,218.92.197.128/25,,,
1,32.0617,118.7778,218.94.28.160/27,,,
1,32.0617,118.7778,218.94.159.64/27,,,
1,25.0389,102.7183,218.104.208.0/21,,,
1,30.6667,104.0667,218.104.216.0/21,,,
1,35.7222,139.8178,218.110.1572,35.1287,-80.9338,4.16.187.128/26
2,37.751,-97.822,4.18.0.0/22,,,
2,43.5623,-91.6368,8.24.99.192/26,,,
2,38.5783,-90.6666,12.29.118.64/27,,,
2,37.751,-97.822,12.35.216.0/24,,,
2,32.7939,-96.8319,12.41.196.64/26,,,
2,42.5627,-83.1799,12.96.136.0/28,,,
2,37.751,-97.822,12.106.223.64/26,,,
2,37.751,-97.822,12.145.208.0/21,,,
2,37.751,-97.822,12.159.216.0/24,,,
2,41.0629,-74.0159,12.184.204.64/26,,,
2,37.751,-97.822,12.193.90.0/23,,,
2,39.9744,-86.0829,12.216.184.64/26,,,
2,37.8209,-121.2827,12.220.152.0/25,,,
2,38.6111,-90.3225,12.226.181.128/25,,,
2,37.745,-122.4383,17.114.76.0/22,,,
2,39.9512,-75.1186,23.30.106.96/27,,,
2,28.1479,-82.0372,23.111.128.0/21,,,
2,37.751,-97.822,23.184.130.0/23,,,
2,37.751,-97.822,23.229.31.48/29,,,
2,43.2245,-79.6988,23.236.236.0/23,,,
2,34.144,-118.0014,23.241.170.128/25,,,
2,40.8662,-73.9221,23.246.100.224/30,,,
2,45.5,-73.5833,23.252.46.0/23,,,
2,39.11,-94.4401,24.2.21.0/24,,,
2,39.3652,-94.3621,24.31.250.0/23,,,
2,31.3969,-102.3544,24.32.213.0/24,,,
2,43.0677,-76.1102,24.39.91.142/31,,,
2,40.7035,-73.9235,24.44.145.0/25,,,
2,45.866,-74.1785,24.50.89.0/24,,,
2,30.4521,-97.7688,24.55.23.0/24,,,
2,42.2949,-83.052,24.57.112.0/24,,,
2,28.079,-82.5268,24.73.68.172/30,,,
2,27.7465,-82.6897,24.73.111.12/30,,,
2,28.5974,-81.3036,24.73.135.64/29,,,
2,28.0091,-82.5034,24.73.168.44/30,,,
2,33.7299,-86.6451,24.73.181.152/30,,,
2,27.4841,-82.5834,24.73.217.0/30,,,
2,27.7723,-82.6386,24.73.223.8/29,,,
2,28.1145,-81.6201,24.73.223.240/30,,,
2,28.8013,-81.285,24.73.235.184/30,,,
2,43.6606,-70.2589,24.97.41.128/28,,,
2,42.7334,-78.8389,24.97.83.192/30,,,
2,43.0268,-76.0145,24.97.109.20/30,,,
2,40.6521,-74.0018,24.97.123.172/30,,,
2,43.0444,-76.1758,24.97.183.176/28,,,
2,43.1317,-77.6062,24.97.193.36/30,,,
2,43.0519,-77.0946,24.97.199.40/29,,,
2,40.7571,-73.9657,24.103.5.104/30,,,
2,40.6816,-73.9798,24.103.99.104/29,,,
2,41.8083,-74.2353,24.103.106.80/29,,,
2,42.8984,-78.5257,24.103.144.76/30,,,
2,43.3923,-70.4729,24.103.185.112/29,,,
2,40.7375,-73.9813,24.105.138.184/29,,,
2,40.0425,-82.9689,24.106.108.218/31,,,
2,47.6271,-122.6373,24.113.38.0/23,,,
2,36.1666,-115.3613,24.120.42.0/24,,,
2,35.229,-80.8419,24.123.180.140/30,,,
2,39.2003,-84.4859,24.123.230.76/30,,,
2,33.5409,-86.7495,24.129.146.196/30,,,
2,28.6214,-81.4294,24.129.169.176/29,,,
2,39.3266,-84.5479,24.142.155.188/30,,,
2,35.9781,-78.8439,24.142.205.232/29,,,
2,29.3579,-98.4356,24.153.131.176/30,,,
2,43.741,-87.7247,24.159.234.0/25,,,
2,33.8632,-81.2351,24.172.44.64/29,,,
2,42.5051,-83.4072,24.172.185.40/30,,,
2,35.8949,-78.7051,24.172.249.104/30,,,
2,35.798,-78.3926,24.172.251.48/30,,,
2,31.5171,-97.1198,24.173.16.168/30,,,
2,32.9462,-96.7058,24.173.36.104/29,,,
2,29.5863,-98.4769,24.173.229.232/29,,,
2,38.5015,-90.4683,24.182.249.0/25,,,
2,35.9034,-78.7447,24.199.149.204/30,,,
2,40.7308,-73.9975,24.213.178.88/29,,,
2,43.0834,-77.6344,24.213.214.232/29,,,
2,42.0771,-76.0118,24.213.254.96/30,,,
2,28.1147,-82.3678,24.227.45.208/29,,,
2,27.9902,-82.7433,24.227.69.112/30,,,
2,27.9902,-82.7433,24.227.70.84/30,,,
2,30.3764,-97.7078,24.227.164.132/30,,,
2,32.7115,-97.0069,24.227.247.192/29,,,
2,41.4787,-75.1978,24.229.89.48/28,,,
2,40.6068,-75.4781,24.229.100.24/29,,,
2,42.4596,-83.9099,24.247.95.0/24,,,
2,42.0529,-83.3755,24.247.198.128/25,,,
2,37.751,-97.822,38.124.252.0/22,,,
2,41.9543,-87.6575,38.129.137.0/24,,,
2,35.233,-97.4067,38.133.200.192/27,,,
2,36.6544,-78.3752,40.90.130.160/27,,,
2,29.4241,-98.4936,40.91.16.0/22,,,
2,41.7335,-80.7562,40.136.108.0/22,,,
2,29.6132,-82.3873,45.17.13.128/25,,,
2,33.9045,-84.8621,45.24.128.0/22,,,
2,39.3034,-83.974,45.53.213.6/32,,,
2,33.748,-84.3858,45.57.243.0/24,,,
2,45.5667,-73.9,45.58.98.0/25,,,
2,33.7865,-84.4454,45.76.60.0/22,,,
2,-34.6033,-58.3817,45.167.168.0/22,,,
2,15,-86.5,45.224.252.0/22,,,
2,39.498,-119.8239,47.36.101.16/28,,,
2,36.0088,-75.6757,47.132.240.0/22,,,
2,35.4469,-79.138,47.133.229.128/25,,,
2,33.8896,-118.3996,47.147.249.41/32,,,
2,34.0282,-117.0489,47.180.112.0/24,,,
2,28.2311,-82.2057,47.201.104.0/21,,,
2,28.0452,-81.7325,47.203.248.0/21,,,
2,35.7411,-95.3449,47.217.142.0/23,,,
2,30.7177,-97.7543,47.221.136.0/24,,,
2,32.2079,-95.3948,47.223.32.0/22,,,
2,39.1024,-84.4787,50.5.64.0/24,,,
2,39.2672,-84.5993,50.5.111.224/27,,,
2,39.4361,-84.6185,50.5.200.64/27,,,
2,29.4969,-98.4032,50.57.209.64/26,,,
2,52.2316,-113.8358,50.66.213.0/25,,,
2,40.7185,-74.0025,50.74.22.16/28,,,
2,40.7375,-73.9813,50.74.171.232/30,,,
2,43.214,-77.5555,50.75.64.172/30,,,
2,42.8441,-78.8182,50.75.88.152/30,,,
2,40.7517,-73.9707,50.75.205.64/29,,,
2,39.4869,-88.1761,50.83.153.176/30,,,
2,30.3093,-97.7242,50.84.6.28/30,,,
2,30.43,-97.8326,50.84.13.12/30,,,
2,30.2896,-97.7396,50.84.148.128/26,,,
2,25.9221,-97.4612,50.84.177.112/30,,,
2,32.6548,-97.092,50.84.205.128/29,,,
2,29.5189,-98.6006,50.84.245.152/29,,,
2,39.0323,-94.47,50.202.145.0/28,,,
2,42.668,-83.2893,50.204.75.208/28,,,
2,42.3584,-71.0598,50.237.128.184/29,,,
2,41.9909,-87.6629,50.247.161.128/25,,,
2,42.3353,-83.2864,50.253.237.0/24,,,
2,27.3262,-82.4724,50.254.210.0/24,,,
2,33.5219,-86.7666,63.83.252.0/24,,,
2,40.0596,-75.0818,63.88.104.44/30,,,
2,37.751,-97.822,63.112.44.0/24,,,
2,37.751,-97.822,63.135.80.0/26,,,
2,37.751,-97.822,63.138.142.0/23,,,
2,41.8725,-87.9016,63.147.250.16/29,,,
2,37.751,-97.822,63.150.128.0/22,,,
2,37.751,-97.822,63.210.144.0/24,,,
2,38.9382,-92.3049,63.233.2.0/25,,,
2,37.751,-97.822,63.246.134.0/23,,,
2,37.751,-97.822,63.247.166.0/24,,,
2,34.01,-118.4717,63.249.55.0/24,,,
2,32.3301,-80.8435,64.20.132.0/23,,,
2,43.4251,-98.9479,64.33.252.128/26,,,
2,37.751,-97.822,64.55.136.0/22,,,
2,37.751,-97.822,64.60.191.24/29,,,
2,40.6968,-74.2281,64.61.164.0/24,,,
2,42.7674,-82.6728,64.88.56.0/21,,,
2,35.5418,-95.1095,64.111.237.0/24,,,
2,37.751,-97.822,64.119.36.208/28,,,
2,34.0898,-118.3215,64.183.75.0/29,,,
2,34.0298,-118.3528,64.183.86.32/29,,,
2,34.1802,-118.4324,64.183.124.144/29,,,
2,34.1287,-117.8552,64.183.125.172/30,,,
2,47.7248,-116.789,64.183.136.232/29,,,
2,34.5271,-82.7087,64.213.55.0/24,,,
2,49.2788,-123.1139,64.253.149.0/24,,,
2,38.9928,-94.6771,65.26.24.0/24,,,
2,42.556,-87.8705,65.30.119.224/28,,,
2,41.8483,-87.6517,65.52.105.128/25,,,
2,45.7334,-74.1325,65.92.80.0/22,,,
2,31.0065,-97.841,65.131.238.64/28,,,
2,47.9543,-117.4769,65.153.36.0/23,,,
2,42.9208,-108.5913,65.158.120.144/28,,,
2,37.751,-97.822,65.198.80.0/22,,,
2,37.6658,-121.8755,65.200.108.0/23,,,
2,34.8937,-81.9228,65.201.121.96/27,,,
2,37.751,-97.822,65.203.120.0/21,,,
2,37.751,-97.822,65.242.251.0/24,,,
2,39.9539,-82.9301,66.11.0.0/22,,,
2,18.4663,-66.1057,66.50.39.192/27,,,
2,35.1065,-81.2201,66.57.11.32/29,,,
2,35.0178,-80.5372,66.57.36.112/29,,,
2,34.6697,-79.1084,66.57.78.136/30,,,
2,36.1032,-79.8794,66.57.90.128/29,,,
2,36.3313,-78.6134,66.57.100.28/30,,,
2,37.6574,-122.4235,66.134.242.128/25,,,
2,33.8731,-79.0557,66.153.176.128/25,,,
2,40.6916,-112.0011,66.232.68.0/24,,,
2,37.751,-97.822,66.253.119.96/27,,,
2,29.1372,-81.0241,67.9.122.192/30,,,
2,26.1771,-98.252,67.48.40.32/28,,,
2,21.3453,-158.087,67.52.67.84/30,,,
2,21.3453,-158.087,67.52.70.104/29,,,
2,33.8473,-118.1115,67.52.188.248/30,,,
2,33.6748,-117.9089,67.53.112.44/30,,,
2,43.0488,-87.9625,67.53.150.40/30,,,
2,40.0459,-81.4479,67.53.167.108/30,,,
2,21.2887,-157.8006,67.53.211.92/30,,,
2,46.814,-71.2194,67.68.104.0/24,,,
2,27.789,-82.6779,67.78.9.248/30,,,
2,27.4072,-82.5303,67.78.22.248/30,,,
2,30.4417,-97.6811,67.78.38.140/30,,,
2,32.6254,-97.3658,67.78.125.216/29,,,
2,28.0724,-81.8122,67.78.153.64/30,,,
2,27.7549,-82.7208,67.78.193.64/30,,,
2,33.4977,-86.8799,67.78.216.48/29,,,
2,32.8958,-96.8588,67.79.25.48/29,,,
2,30.0948,-94.1648,67.79.65.232/29,,,
2,27.9611,-81.9398,67.79.160.252/30,,,
2,37.751,-97.822,67.104.160.0/19,,,
2,37.751,-97.822,67.152.48.0/21,,,
2,39.7905,-79.0261,67.171.96.0/24,,,
2,37.751,-97.822,67.215.64.0/20,,,
2,31.8766,-95.7327,67.232.108.128/25,,,
2,34.7897,-78.4309,67.238.253.0/24,,,
2,41.9846,-71.5194,68.1.190.0/24,,,
2,40.7445,-74.1508,68.25.8.0/21,,,
2,42.7388,-84.4764,68.36.105.224/27,,,
2,31.4035,-110.2047,68.98.217.192/26,,,
2,32.6454,-85.3783,68.113.96.0/23,,,
2,37.751,-97.822,68.152.60.0/24,,,
2,35.332,-78.9212,68.189.179.128/25,,,
2,41.1222,-73.4358,68.196.50.0/26,,,
2,43.6319,-79.3716,69.58.105.192/27,,,
2,38.6346,-90.1913,69.64.48.224/28,,,
2,34.0584,-118.278,69.75.7.216/29,,,
2,34.6017,-118.231,69.75.70.208/30,,,
2,34.0268,-118.4733,69.75.169.108/30,,,
2,37.751,-97.822,69.77.104.0/21,,,
2,37.751,-97.822,69.127.236.0/22,,,
2,39.9104,-83.8275,69.135.8.0/29,,,
2,40.2477,-83.3622,69.135.66.8/29,,,
2,41.5157,-81.6405,69.135.75.180/30,,,
2,41.5157,-81.6405,69.135.76.100/30,,,
2,44.3959,-91.4535,69.147.200.128/25,,,
2,43.6319,-79.3716,69.156.238.0/23,,,
2,43.7592,-79.7605,69.166.126.128/26,,,
2,49.2491,-123.2088,69.172.151.0/24,,,
2,34.0125,-117.6844,69.178.138.0/25,,,
2,43.0908,-78.9644,69.193.20.208/29,,,
2,42.884,-78.8597,69.193.33.72/30,,,
2,42.7003,-73.8575,69.193.36.192/29,,,
2,43.1317,-77.6062,69.193.80.136/30,,,
2,40.9,-73.8622,69.193.182.32/29,,,
2,39.9952,-83.0047,69.213.46.152/29,,,
2,33.249,-117.0122,69.232.64.0/23,,,
2,40.7229,-73.8473,70.18.10.0/24,,,
2,43.7139,-79.6434,70.31.112.0/21,,,
2,35.0108,-80.9266,70.60.118.148/30,,,
2,41.2318,-80.7642,70.60.169.216/30,,,
2,37.1345,-84.0457,70.61.18.8/30,,,
2,40.0535,-83.0187,70.61.62.196/30,,,
2,40.0535,-83.0187,70.61.63.64/28,,,
2,34.6471,-78.5747,70.61.77.20/30,,,
2,35.9781,-78.8439,70.61.84.224/30,,,
2,35.4848,-80.6015,70.61.98.100/30,,,
2,41.4335,-81.6323,70.61.170.12/30,,,
2,41.1623,-83.4139,70.62.46.216/29,,,
2,39.9444,-82.8903,70.62.159.184/29,,,
2,38.1839,-85.7106,70.62.164.64/30,,,
2,39.9444,-82.8903,70.62.184.168/29,,,
2,40.9583,-83.4971,70.63.36.212/30,,,
2,39.9744,-86.0829,70.63.55.16/30,,,
2,39.2447,-84.3455,70.63.57.0/30,,,
2,35.0257,-78.9705,70.63.76.112/29,,,
2,33.6994,-78.9137,70.63.229.48/30,,,
2,33.9659,-80.9355,70.63.234.12/30,,,
2,37.751,-97.822,70.90.149.64/27,,,
2,30.296,-97.6396,70.117.52.32/30,,,
2,30.5145,-97.668,70.118.93.0/29,,,
2,30.3231,-97.3737,70.118.119.104/30,,,
2,33.025,-96.7397,70.118.126.184/29,,,
2,32.9462,-96.7058,70.125.226.136/29,,,
2,30.8931,-83.3278,70.141.252.0/25,,,
2,36.0588,-115.3104,70.180.195.192/26,,,
2,30.459,-90.9027,70.183.206.0/24,,,
2,37.751,-97.822,70.233.96.0/21,,,
2,29.4275,-98.4601,71.40.10.0/27,,,
2,31.0917,-97.3648,71.40.196.156/30,,,
2,32.9657,-96.8825,71.40.217.212/30,,,
2,32.9657,-96.8825,71.40.245.188/30,,,
2,29.4821,-98.4554,71.41.163.152/29,,,
2,31.0917,-97.3648,71.41.165.8/30,,,
2,28.6513,-81.2066,71.41.219.164/30,,,
2,27.9694,-80.6473,71.42.54.180/30,,,
2,32.7582,-96.7623,71.42.88.208/30,,,
2,26.3189,-98.3701,71.42.195.4/30,,,
2,28.808,-81.8858,71.43.88.188/30,,,
2,28.3051,-81.4242,71.43.194.96/29,,,
2,28.5837,-81.5326,71.43.222.8/29,,,
2,28.6271,-80.8429,71.43.230.28/30,,,
2,28.6344,-81.6221,71.46.208.0/24,,,
2,28.5891,-81.2277,71.46.247.136/29,,,
2,38.8717,-83.9092,71.65.85.192/26,,,
2,35.4449,-81.5336,71.75.32.0/21,,,
2,30.3093,-97.7242,71.78.11.12/30,,,
2,29.9966,-97.8335,71.78.54.140/30,,,
2,32.831,-96.7692,71.78.183.32/27,,,
2,40.2171,-74.7429,71.168.223.0/24,,,
2,42.3126,-71.1115,71.184.232.0/23,,,
2,40.6729,-73.5365,71.190.224.0/24,,,
2,38.2352,-104.66,71.196.217.128/25,,,
2,41.8482,-88.3098,71.201.142.0/23,,,
2,38.0339,-78.4924,71.219.75.64/26,,,
2,45.1643,-93.3193,71.220.22.0/23,,,
2,47.1677,-122.5024,71.227.246.0/23,,,
2,32.8023,-96.9597,71.252.236.0/22,,,
2,43.329,-73.6818,72.0.130.0/26,,,
2,34.8113,-97.4131,72.16.100.0/22,,,
2,41.9487,-75.5862,72.35.227.0/24,,,
2,43.16,-78.6923,72.43.234.48/29,,,
2,42.5952,-76.1857,72.45.151.252/30,,,
2,43.1067,-75.2314,72.45.226.12/30,,,
2,37.751,-97.822,72.48.237.0/24,,,
2,32.2468,-110.9222,72.200.122.0/23,,,
2,35.491,-97.5196,72.213.92.0/22,,,
2,42.4625,-75.0491,72.228.48.0/21,,,
2,21.2928,-157.7552,72.235.36.0/23,,,
2,37.3293,-121.8339,73.15.150.0/23,,,
2,41.309,-72.6153,73.16.92.0/22,,,
2,28.8035,-81.5323,73.42.89.0/24,,,
2,41.8925,-87.7895,73.44.186.0/23,,,
2,39.9715,-74.2512,73.80.90.0/23,,,
2,40.3228,-86.8881,73.103.45.240/28,,,
2,31.2804,-81.5305,73.171.130.0/24,,,
2,37.5331,-122.2486,73.189.210.0/25,,,
2,40.3192,-74.4285,73.193.232.0/21,,,
2,40.6354,-74.2556,73.198.112.0/21,,,
2,40.6152,-111.8851,73.228.100.0/24,,,
2,33.6053,-84.4813,73.237.148.0/23,,,
2,37.8471,-122.2223,73.241.168.0/23,,,
2,42.0076,-87.9931,73.247.166.0/23,,,
2,40.7627,-82.5593,74.5.10.0/23,,,
2,33.9291,-117.8845,74.62.7.24/30,,,
2,33.7225,-116.377,74.62.14.176/28,,,
2,38.9536,-94.7336,74.62.134.204/30,,,
2,33.9291,-117.8845,74.62.153.16/29,,,
2,34.0298,-118.3528,74.62.215.140/30,,,
2,32.847,-115.573,74.87.47.64/29,,,
2,33.0535,-117.2689,74.87.159.4/30,,,
2,35.1207,-89.8651,74.93.148.128/26,,,
2,40.0563,-86.0163,74.113.51.196/30,,,
2,37.751,-97.822,74.125.189.32/27,,,
2,38.3089,-85.8221,74.142.52.72/29,,,
2,39.0082,-84.5977,74.142.70.160/29,,,
2,42.0738,-80.1484,74.142.134.48/30,,,
2,41.4701,-81.5232,74.142.151.168/30,,,
2,38.3045,-85.5815,74.143.95.160/30,,,
2,38.1768,-85.5218,74.143.210.84/30,,,
2,33.3787,-91.0468,74.193.132.0/22,,,
2,38.0809,-81.834,74.195.20.0/25,,,
2,40.0612,-75.3999,74.208.161.0/24,,,
2,33.7524,-117.9939,74.212.222.80/30,,,
2,39.563,-84.2288,74.218.85.124/30,,,
2,35.0831,-80.6597,74.218.183.8/30,,,
2,41.0628,-82.7288,74.219.167.104/30,,,
2,32.7968,-97.356,75.87.10.112/29,,,
2,28.6513,-81.2066,75.112.30.24/30,,,
2,29.0266,-81.3349,75.112.34.64/29,,,
2,28.6214,-81.4294,75.112.62.80/30,,,
2,28.6214,-81.4294,75.112.84.72/30,,,
2,28.3306,-81.3544,75.112.186.64/30,,,
2,45.3218,-92.6971,75.121.183.0/24,,,
2,37.751,-97.822,75.146.94.160/27,,,
2,29.5617,-95.2721,75.148.201.0/24,,,
2,42.8667,-71.5128,75.150.112.0/24,,,
2,53.2668,-113.552,75.159.178.0/24,,,
2,35.1347,-106.5222,75.161.0.0/22,,,
2,35.1421,-106.7041,75.161.24.0/21,,,
2,36.3695,-79.9654,75.170.199.0/24,,,
2,35.5068,-78.3479,75.177.169.0/24,,,
2,39.9551,-82.8035,75.188.220.0/25,,,
2,40.7568,-96.6523,76.79.7.204/30,,,
2,33.6748,-117.9089,76.79.85.16/29,,,
2,34.0531,-118.3806,76.79.200.48/30,,,
2,34.2619,-118.4587,76.80.7.212/30,,,
2,33.7857,-118.1357,76.80.44.96/29,,,
2,34.1121,-118.2594,76.80.97.224/29,,,
2,34.003,-118.2863,76.80.144.208/30,,,
2,33.8584,-118.2554,76.80.184.144/30,,,
2,34.0898,-118.3215,76.81.21.124/30,,,
2,20.8814,-156.4783,76.81.73.32/30,,,
2,33.7877,-117.8423,76.81.170.152/29,,,
2,33.9977,-117.9652,76.81.212.60/30,,,
2,32.6566,-114.4042,76.81.242.68/30,,,
2,39.4242,-76.3541,76.100.187.0/26,,,
2,37.7641,-122.1633,76.102.158.0/23,,,
2,38.9949,-74.838,76.117.204.0/22,,,
2,40.1717,-80.256,76.120.168.0/21,,,
2,33.7339,-118.2914,76.174.117.128/25,,,
2,40.5343,-81.4763,76.189.245.0/26,,,
2,38.2467,-85.6853,76.190.40.144/29,,,
2,42.5881,-88.4554,76.190.55.212/30,,,
2,37.751,-97.822,76.229.80.0/21,,,
2,35.7667,-78.6008,96.10.32.204/30,,,
2,35.6813,-78.5975,96.10.73.244/30,,,
2,33.995,-81.0888,96.10.143.104/30,,,
2,35.5565,-78.264,96.10.255.188/30,,,
2,43.0828,-88.0269,96.11.3.184/30,,,
2,41.3222,-81.4996,96.11.56.152/30,,,
2,41.2318,-80.7642,96.11.58.76/30,,,
2,38.3078,-85.7359,96.11.128.176/30,,,
2,41.2491,-81.3383,96.11.135.72/29,,,
2,41.5719,-81.2056,96.11.153.208/30,,,
2,42.666,-88.2749,96.11.176.0/30,,,
2,38.5294,-82.6654,96.11.208.232/29,,,
2,41.4517,-83.4674,96.11.216.192/27,,,
2,43.05,-88.3972,96.11.221.188/30,,,
2,39.1652,-84.6625,96.11.235.208/28,,,
2,30.4404,-88.7801,96.18.250.0/23,,,
2,38.0612,-84.4583,96.29.166.0/23,,,
2,38.4566,-90.3282,96.35.218.0/26,,,
2,37.751,-97.822,96.36.9.192/26,,,
2,39.5249,-119.9031,96.38.174.0/24,,,
2,28.0384,-82.3949,96.58.104.0/24,,,
2,42.2308,-88.3324,96.68.24.0/23,,,
2,42.0467,-87.8859,96.74.206.0/24,,,
2,37.751,-97.822,96.115.170.0/23,,,
2,40.982,-74.1131,96.242.38.0/24,,,
2,37.431,-77.6545,96.253.109.0/24,,,
2,37.751,-97.822,96.254.44.0/23,,,
2,37.751,-97.822,97.64.88.0/21,,,
2,28.6214,-81.4294,97.68.19.24/30,,,
2,28.6354,-81.4888,97.68.114.16/29,,,
2,28.6354,-81.4888,97.68.114.120/29,,,
2,28.1984,-81.487,97.68.178.208/29,,,
2,28.5891,-81.2277,97.68.234.152/29,,,
2,29.0422,-81.2863,97.68.247.56/29,,,
2,27.8466,-82.7954,97.76.73.96/30,,,
2,28.0381,-81.9392,97.76.100.16/30,,,
2,28.2397,-82.3279,97.76.191.88/30,,,
2,28.6214,-81.4294,97.76.217.172/30,,,
2,30.5835,-97.8575,97.77.68.0/30,,,
2,26.0539,-97.3125,97.77.163.184/30,,,
2,35.3039,-119.1056,97.78.27.76/30,,,
2,28.6214,-81.4294,97.78.131.168/29,,,
2,32.551,-85.8978,97.78.145.4/30,,,
2,39.7851,-86.1595,97.78.198.144/29,,,
2,27.9951,-82.4046,97.79.9.160/30,,,
2,29.6169,-98.6252,97.79.171.24/29,,,
2,32.7582,-96.7623,97.105.156.96/29,,,
2,25.9221,-97.4612,97.105.200.184/30,,,
2,28.2397,-82.3279,97.106.184.0/21,,,
2,33.2509,-111.8593,97.124.107.0/24,,,
2,40.7143,-74.006,98.0.180.192/26,,,
2,40.6281,-73.9467,98.0.185.240/28,,,
2,40.6281,-73.9467,98.0.187.224/28,,,
2,32.9245,-96.8938,98.6.139.48/30,,,
2,40.7763,-73.9529,98.7.52.96/27,,,
2,42.0064,-73.8546,98.15.243.0/24,,,
2,35.9908,-95.8143,98.19.28.128/25,,,
2,38.9273,-94.7143,98.100.112.160/30,,,
2,44.1187,-88.7214,98.100.157.144/29,,,
2,42.9676,-88.0434,98.100.169.176/29,,,
2,43.1624,-87.9898,98.100.180.48/29,,,
2,43.0828,-88.0269,98.100.197.52/30,,,
2,43.1602,-88.1128,98.100.204.224/30,,,
2,35.1677,-80.7932,98.101.123.116/30,,,
2,35.848,-78.6317,98.101.136.136/29,,,
2,36.1214,-79.7733,98.101.156.224/30,,,
2,37.751,-97.822,98.101.252.0/22,,,
2,39.9952,-83.0047,98.102.151.0/27,,,
2,39.923,-82.8664,98.102.214.216/29,,,
2,39.9551,-82.8035,98.102.238.200/29,,,
2,39.9874,-83.0456,98.103.26.24/30,,,
2,41.3921,-81.5232,98.103.67.224/29,,,
2,44.022,-88.5436,98.103.135.128/28,,,
2,32.9123,-117.0898,98.152.162.32/30,,,
2,34.1993,-118.5983,98.152.162.160/30,,,
2,34.0298,-118.3528,98.152.232.224/30,,,
2,34.3985,-118.5535,98.152.236.96/28,,,
2,33.6437,-117.6868,98.189.140.0/23,,,
2,38.8458,-77.3242,98.191.73.0/29,,,
2,29.7702,-95.3628,98.199.107.32/27,,,
2,25.8803,-80.3368,98.211.212.0/23,,,
2,41.3621,-78.7262,98.219.200.128/25,,,
2,42.3918,-71.5609,98.229.178.0/24,,,
2,44.5904,-123.2722,98.232.236.0/22,,,
2,38.1582,-122.2804,98.234.160.0/21,,,
2,31.8513,-81.6072,98.244.180.0/23,,,
2,33.7691,-84.336,99.32.190.0/23,,,
2,34.0482,-118.3343,99.33.68.0/22,,,
2,37.751,-97.822,99.89.72.0/21,,,
2,34.0756,-84.6477,99.90.39.128/26,,,
2,29.575,-98.228,99.117.76.0/24,,,
2,29.9511,-90.206,99.132.80.0/22,,,
2,37.751,-97.822,99.150.160.0/19,,,
2,29.5182,-98.3627,99.158.252.0/25,,,
2,44.6451,-63.5762,99.192.76.0/25,,,
2,48.5454,-123.0947,99.197.206.0/26,,,
2,43.6899,-79.3853,99.239.96.0/23,,,
2,30.2702,-82.6254,104.6.81.0/24,,,
2,36.1008,-115.1365,104.37.168.4/31,,,
2,37.751,-97.822,104.144.217.8/29,,,
2,42.8864,-78.8781,104.168.98.0/24,,,
2,43.1685,-77.6845,104.229.11.0/25,,,
2,38.6346,-90.1913,104.244.168.0/21,,,
2,34.758,-76.6228,107.12.214.0/23,,,
2,29.7702,-95.3628,107.80.248.0/23,,,
2,39.8814,-83.0839,107.128.248.0/24,,,
2,37.751,-97.822,107.135.24.0/21,,,
2,27.9056,-82.2881,107.144.18.232/29,,,
2,45.573,-73.5701,107.159.28.128/25,,,
2,39.0152,-94.2604,107.192.246.128/25,,,
2,41.9543,-87.6575,107.195.160.0/21,,,
2,34.4466,-118.5374,107.201.132.0/22,,,
2,34.4953,-97.1084,107.207.42.192/26,,,
2,31.8816,-102.0134,107.223.39.0/24,,,
2,38.8682,-76.8156,108.48.49.0/24,,,
2,42.2875,-71.3574,108.49.79.0/24,,,
2,41.1449,-81.3498,108.169.202.0/24,,,
2,43.0708,-73.7408,108.176.70.44/30,,,
2,32.8456,-96.826,108.178.77.204/30,,,
2,31.9386,-106.4073,108.178.127.128/27,,,
2,34.104,-118.2925,108.178.142.240/30,,,
2,53.6334,-113.6353,108.181.176.0/22,,,
2,35.6539,-83.9956,108.214.68.0/22,,,
2,34.7448,-86.6704,108.227.108.0/22,,,
2,34.3562,-83.8882,108.237.188.0/22,,,
2,31.7754,-97.1258,108.247.90.192/27,,,
2,39.3809,-119.6859,128.92.137.56/29,,,
2,37.751,-97.822,129.44.192.0/21,,,
2,-8.0117,-34.9529,131.0.227.128/26,,,
2,37.751,-97.822,131.176.0.32/27,,,
2,39.9513,-75.1741,134.0.64.0/23,,,
2,37.6586,-122.0472,134.154.209.0/24,,,
2,38.7602,-77.3064,134.205.8.0/22,,,
2,39.3971,-89.1048,135.26.170.0/24,,,
2,-41.4698,-72.9447,138.186.120.0/24,,,
2,21.3453,-158.087,141.239.88.0/21,,,
2,43.6319,-79.3716,142.46.210.0/23,,,
2,43.6656,-79.383,142.120.65.128/26,,,
2,43.2167,-79.75,142.120.237.0/24,,,
2,43.7027,-65.7883,142.227.248.0/21,,,
2,-21.1289,-48.9619,143.0.204.0/22,,,
2,40.7203,-77.5567,146.186.150.0/23,,,
2,40.0724,-82.4046,147.0.48.248/29,,,
2,39.8053,-84.0198,147.0.104.44/30,,,
2,43.0668,-88.1469,147.0.134.132/30,,,
2,42.8809,-88.4674,147.0.153.24/29,,,
2,41.0197,-81.6212,147.0.201.120/30,,,
2,35.8422,-90.6735,147.97.9.0/24,,,
2,18.85,-69.8333,148.101.140.0/24,,,
2,37.751,-97.822,149.13.36.104/29,,,
2,-5.8101,-35.2267,152.234.80.0/22,,,
2,-22.8305,-43.2192,152.241.120.0/21,,,
2,37.751,-97.822,154.84.231.0/24,,,
2,34.0544,-118.244,154.87.247.0/24,,,
2,37.751,-97.822,156.144.232.0/21,,,
2,34.0544,-118.244,158.115.236.0/22,,,
2,35.0231,-89.8492,158.116.186.128/25,,,
2,37.751,-97.822,158.177.84.0/24,,,
2,37.751,-97.822,158.178.0.0/17,,,
2,37.751,-97.822,159.122.244.0/23,,,
2,37.751,-97.822,161.8.0.0/17,,,
2,-17,-65,161.22.128.0/20,,,
2,37.751,-97.822,162.94.32.0/19,,,
2,38.1381,-85.6953,162.155.59.200/29,,,
2,38.2674,-85.6237,162.155.88.216/29,,,
2,41.0327,-82.0147,162.155.91.136/30,,,
2,39.4361,-84.6185,162.155.165.192/30,,,
2,37.7513,-87.1554,162.155.175.0/30,,,
2,41.501,-81.4694,162.155.239.224/30,,,
2,34.2798,-119.0115,162.222.217.0/24,,,
2,41.6823,-72.9302,162.246.4.0/25,,,
2,40.4642,-79.9448,164.52.224.0/24,,,
2,39.8324,-84.8936,165.138.160.0/21,,,
2,40.6916,-112.0011,166.70.253.192/26,,,
2,37.751,-97.822,167.200.0.0/19,,,
2,32.9247,-96.9598,169.46.2.200/30,,,
2,37.751,-97.822,169.55.26.0/25,,,
2,43.5835,-70.3457,169.244.84.0/22,,,
2,-11.4904,-61.4317,170.0.220.0/22,,,
2,37.751,-97.822,170.199.240.0/23,,,
2,26.403,-80.1813,170.250.100.0/22,,,
2,35.3935,-119.1205,172.2.72.0/23,,,
2,37.751,-97.822,172.81.109.0/24,,,
2,34.7131,-117.8783,172.117.62.64/26,,,
2,33.8969,-118.1632,172.118.48.0/21,,,
2,37.751,-97.822,172.164.0.228/30,,,
2,43.0775,-89.3831,172.220.9.16/28,,,
2,38.4131,-90.5575,172.221.182.64/26,,,
2,43.7204,-84.3954,172.222.30.32/27,,,
2,44.6487,-124.0509,172.223.223.64/26,,,
2,32.7787,-96.8217,172.245.129.96/27,,,
2,38.5662,-121.3286,173.8.64.128/26,,,
2,38.8539,-76.8891,173.13.192.128/25,,,
2,44.5394,-95.1169,173.22.166.0/24,,,
2,43.0683,-92.6761,173.23.240.0/24,,,
2,40.0468,-75.6432,173.62.237.0/24,,,
2,34.4132,-118.426,173.82.228.0/23,,,
2,41.4512,-74.4701,173.84.54.0/23,,,
2,42.0407,-80.2395,173.91.64.0/24,,,
2,36.0641,-79.8202,173.95.72.184/30,,,
2,36.0318,-79.4889,173.95.75.12/30,,,
2,35.8344,-78.8466,173.95.125.192/29,,,
2,37.751,-97.822,173.121.192.0/20,,,
2,47.7497,-122.2159,173.160.159.128/26,,,
2,34.0298,-118.3528,173.196.133.4/30,,,
2,34.0268,-118.4733,173.196.158.248/29,,,
2,33.7523,-117.8541,173.196.160.200/30,,,
2,34.003,-118.2863,173.196.214.80/30,,,
2,39.0837,-94.5868,173.197.50.96/29,,,
2,34.029,-118.4005,173.197.162.180/30,,,
2,34.2656,-118.7653,173.198.22.168/30,,,
2,34.2583,-118.5914,173.198.24.224/28,,,
2,39.0481,-77.4728,173.211.34.8/29,,,
2,35.5103,-92.0392,173.218.182.0/23,,,
2,28.7525,-97.0338,173.219.168.0/26,,,
2,40.6705,-73.894,173.220.41.128/26,,,
2,40.7449,-75.2217,173.239.255.0/24,,,
2,37.8762,-86.2965,173.242.136.0/24,,,
2,51.0497,-114.1394,174.0.79.128/25,,,
2,43.5885,-116.191,174.27.128.0/22,,,
2,44.2411,-76.5788,174.88.170.0/24,,,
2,34.1838,-79.7728,174.107.168.0/23,,,
2,28.0724,-81.8122,174.135.157.132/30,,,
2,28.4794,-82.5083,174.135.162.76/30,,,
2,27.947,-82.7943,174.135.178.112/30,,,
2,27.8802,-82.7534,174.135.185.108/30,,,
2,-23.627,-46.635,177.9.121.0/24,,,
2,-29.9218,-51.0958,177.18.118.0/23,,,
2,-7.5794,-49.5286,177.23.224.96/27,,,
2,-22.7241,-43.5748,177.73.160.0/21,,,
2,-1.3461,-48.3829,177.123.112.0/21,,,
2,-23.947,-48.8383,177.185.149.0/24,,,
2,20.5608,-100.1586,177.229.80.0/23,,,
2,19.9794,-102.2801,177.229.221.0/24,,,
2,31.7333,-106.4833,177.237.18.0/23,,,
2,19.6071,-99.0659,177.243.233.0/24,,,
2,8.9936,-79.5197,179.63.194.0/24,,,
2,-22.756,-42.8732,179.87.240.0/23,,,
2,-22.5198,-44.079,179.236.250.0/24,,,
2,-33.45,-70.6667,181.43.80.0/21,,,
2,-12.05,-77.05,181.67.46.0/24,,,
2,-34.4708,-58.5286,181.167.109.0/25,,,
2,-23.5167,-46.8833,181.215.94.72/29,,,
2,41.8483,-87.6517,181.215.184.0/23,,,
2,-39.05,-67.5333,181.230.158.0/24,,,
2,-34.6033,-58.3817,181.239.208.0/20,,,
2,39.4289,-94.3689,184.5.198.0/25,,,
2,30.7644,-86.5917,184.6.243.64/27,,,
2,37.8696,-122.2959,184.23.184.0/23,,,
2,38.3119,-121.1729,184.63.172.32/27,,,
2,48.7829,-123.7027,184.66.14.0/24,,,
2,42.7287,-73.6683,184.74.22.112/29,,,
2,40.7651,-73.9858,184.74.169.144/29,,,
2,40.6794,-74.0014,184.74.172.128/29,,,
2,45.0623,-92.1816,184.100.145.128/26,,,
2,45.9979,-112.5988,184.167.232.0/21,,,
2,40.4617,-90.6787,184.171.228.0/23,,,
2,40.6255,-87.309,184.195.16.0/21,,,
2,-32.8833,-68.8167,186.58.187.0/24,,,
2,-36.6,-72.1167,186.78.221.128/25,,,
2,10,-84,186.176.76.0/25,,,
2,9.8421,-83.8504,186.176.80.0/23,,,
2,-28.8531,-52.8667,186.192.208.0/23,,,
2,-16.3122,-39.6702,186.226.166.128/25,,,
2,-22.8305,-43.2192,186.240.44.0/22,,,
2,-22.9201,-43.3307,187.99.228.0/22,,,
2,-19.8993,-43.957,187.104.48.0/23,,,
2,19.4371,-99.0111,187.130.116.0/22,,,
2,24.7263,-107.3262,187.149.40.0/22,,,
2,24.6567,-107.1748,187.158.72.0/21,,,
2,20.6668,-103.3918,187.188.154.128/25,,,
2,19.4342,-99.1386,187.217.162.0/23,,,
2,19.7155,-101.2062,187.240.229.0/24,,,
2,-20.7353,-42.8953,189.17.40.0/22,,,
2,-22.7903,-43.325,189.24.132.0/24,,,
2,-22.9201,-43.3307,189.25.206.0/23,,,
2,-22.9201,-43.3307,189.43.124.0/23,,,
2,-22.5198,-44.079,189.84.182.0/23,,,
2,-22.897,-47.0444,189.124.40.0/22,,,
2,19.4245,-99.6633,189.138.71.0/24,,,
2,19.6476,-99.168,189.191.42.0/24,,,
2,19.4342,-99.1386,189.206.16.0/22,,,
2,-33.0422,-71.3733,190.45.229.0/24,,,
2,10.4167,-61.45,190.58.120.0/23,,,
2,4.5981,-74.0758,190.67.63.28/31,,,
2,8.9936,-79.5197,190.140.147.0/24,,,
2,3.4372,-76.5225,190.144.22.0/23,,,
2,10.1806,-68.0039,190.199.234.0/23,,,
2,-12.0433,-77.0283,190.235.212.0/23,,,
2,-22.2527,-45.9076,191.47.32.0/21,,,
2,-23.627,-46.635,191.58.192.0/22,,,
2,4.5981,-74.0758,191.65.96.0/19,,,
2,-33.45,-70.6667,191.101.135.0/24,,,
2,-22.9201,-43.3307,191.202.224.0/21,,,
2,-16.6402,-49.2599,191.223.81.0/24,,,
2,-23.7041,-46.3999,191.255.184.0/24,,,
2,42.8864,-78.8781,192.3.100.0/26,,,
2,44.9762,-93.2759,192.55.242.0/23,,,
2,43.6319,-79.3716,192.86.1.0/24,,,
2,37.751,-97.822,192.105.109.0/24,,,
2,37.751,-97.822,192.132.45.0/24,,,
2,42.9821,-83.734,192.135.206.0/24,,,
2,14,-61,192.147.231.0/24,,,
2,29.5714,-98.5414,192.154.181.192/28,,,
2,37.751,-97.822,192.188.188.0/24,,,
2,47.6798,-111.7169,192.230.161.128/25,,,
2,37.751,-97.822,192.250.128.0/20,,,
2,-34.6033,-58.3817,195.112.188.228/30,,,
2,49.25,-123.1333,196.247.60.0/22,,,
2,40.732,-74.1765,198.27.127.232/29,,,
2,15.4167,-61.3333,198.50.241.108/30,,,
2,34.0531,-118.3806,198.89.104.0/24,,,
2,37.751,-97.822,198.97.54.0/23,,,
2,37.751,-97.822,198.99.107.251/32,,,
2,37.751,-97.822,198.108.218.16/28,,,
2,43.6655,-79.4204,198.143.60.0/32,,,
2,40.7864,-73.9764,198.179.85.72/30,,,
2,40.8662,-73.9221,198.179.93.80/29,,,
2,37.751,-97.822,199.30.46.0/23,,,
2,37.751,-97.822,199.68.28.0/22,,,
2,37.5717,-95.7484,199.83.56.0/25,,,
2,39.4745,-74.4575,199.91.200.0/25,,,
2,41.3361,-87.7897,199.115.253.0/25,,,
2,37.751,-97.822,199.180.151.0/24,,,
2,4.5981,-74.0758,200.21.104.128/25,,,
2,-29.1137,-54.7336,200.96.120.0/23,,,
2,-33.45,-70.6667,200.104.244.0/22,,,
2,-12.05,-77.05,200.106.80.0/22,,,
2,-26.272,-50.5014,200.193.9.128/25,,,
2,-25.8034,-48.804,200.203.196.0/23,,,
2,-22.8305,-43.2192,200.217.124.0/23,,,
2,-22.8305,-43.2192,200.229.96.0/19,,,
2,-23.627,-46.635,200.233.56.0/21,,,
2,-10.1669,-48.3328,201.31.240.0/21,,,
2,-19.8993,-43.957,201.48.206.0/23,,,
2,-10.3739,-36.419,201.54.166.0/23,,,
2,-20.6103,-40.5274,201.79.164.0/23,,,
2,19.3,44.1599,4.6178,2.4.34.0/24,,
3,50.3959,2.3119,2.5.72.0/24,,,
3,50.8579,1.7217,2.5.237.0/24,,,
3,48.5151,-2.7684,2.12.192.0/23,,,
3,55.9521,-3.1965,2.25.7.6/32,,,
3,51.5751,0.1858,2.26.240.64/26,,,
3,51.8892,0.9042,2.30.93.0/24,,,
3,54.0684,-2.8611,2.31.112.0/25,,,
3,46.4907,11.3398,2.42.98.128/26,,,
3,25.3573,55.4033,2.48.183.64/26,,,
3,55.7522,37.6156,2.92.112.0/21,,,
3,55.4703,8.4519,2.108.244.0/24,,,
3,56.7619,8.6836,2.109.234.0/23,,,
3,54.695,11.3888,2.110.133.0/26,,,
3,42.85,-2.6727,2.142.248.0/22,,,
3,40.3057,-3.7329,2.155.76.0/23,,,
3,48.8992,11.652,2.202.12.0/24,,,
3,48.5732,13.4506,2.202.223.0/24,,,
3,51.5393,7.7283,2.204.80.0/22,,,
3,53.1172,-2.1758,2.223.26.0/27,,,
3,44.343,11.2059,2.234.64.0/22,,,
3,49.8034,9.1631,5.10.4.0/25,,,
3,54.8833,-1.5667,5.22.138.0/24,,,
3,40.4172,-3.684,5.39.59.176/28,,,
3,39.9404,32.9101,5.46.71.0/25,,,
3,51.2709,0.5748,5.65.64.0/24,,,
3,54.6815,-5.9679,5.68.84.128/25,,,
3,50.9798,0.0975,5.80.97.0/25,,,
3,51.0363,-3.4451,5.80.111.32/27,,,
3,40.6755,14.7933,5.83.120.48/28,,,
3,52.0286,5.5705,5.132.15.0/25,,,
3,51.45,6.65,5.146.3.128/25,,,
3,47.059,7.6279,5.149.49.0/24,,,
3,52.3556,4.9135,5.153.40.0/25,,,
3,26.4344,50.1033,5.156.205.0/24,,,
3,42.1357,12.3736,5.169.147.224/27,,,
3,56.8575,60.6125,5.189.64.0/24,,,
3,55.7522,37.6156,5.228.64.0/19,,,
3,55.7386,37.6068,31.10.96.0/21,,,
3,46.5614,16.4506,31.15.231.128/25,,,
3,52.6055,-1.9171,31.51.214.0/24,,,
3,54.4,-1.7333,31.109.76.0/23,,,
3,50.4547,30.5238,31.128.92.0/22,,,
3,52.3824,4.8995,31.137.24.0/21,,,
3,51.634,-3.9485,31.185.134.128/25,,,
3,53.3269,-1.5403,31.185.159.0/25,,,
3,45.8031,15.7181,31.217.11.80/28,,,
3,25.2582,55.3047,31.218.47.0/24,,,
3,25.3573,55.4033,31.218.100.0/22,,,
3,39.5456,-0.3955,37.14.235.128/25,,,
3,29.3375,47.6581,37.36.174.0/23,,,
3,48.8582,2.3387,37.59.145.88/30,,,
3,43.0099,-7.556,37.59.246.192/27,,,
3,44.9355,10.519,37.119.3.128/25,,,
3,52.5246,13.4821,37.120.30.192/26,,,
3,52.4992,13.5188,37.120.82.0/24,,,
3,48,68,37.151.248.0/21,,,
3,37.9787,-0.6822,37.152.152.0/24,,,
3,39.9821,32.8246,37.155.233.0/24,,,
3,55.7123,12.0564,37.157.0.0/21,,,
3,48.7052,2.3915,37.168.81.0/26,,,
3,48.6333,2.45,37.169.207.192/27,,,
3,48.8582,2.3387,37.187.206.0/24,,,
3,51.4745,7.311,37.201.89.0/24,,,
3,49.9808,36.2527,37.229.172.128/25,,,
3,29.3375,47.6581,37.231.186.0/24,,,
3,24.6537,46.7152,37.241.193.0/24,,,
3,25.2582,55.3047,37.245.170.0/24,,,
3,52.3556,4.9135,40.78.210.0/24,,,
3,-29.8561,31.0352,41.8.168.0/21,,,
3,9.1805,7.1793,41.76.250.0/24,,,
3,14,-14,41.83.201.192/26,,,
3,36.7642,3.1468,41.98.88.0/22,,,
3,-29.8561,31.0352,41.115.58.0/26,,,
3,14.7314,0.9194,41.138.42.0/24,,,
3,-26.2309,28.0583,41.145.8.0/24,,,
3,20.1588,41.2834,45.74.1.21/32,,,
3,40.6403,22.9439,46.12.57.0/24,,,
3,40.8475,25.8744,46.12.239.0/24,,,
3,55.7522,37.6156,46.28.88.0/22,,,
3,55.95,-3.2,46.33.135.192/27,,,
3,55.7679,49.1631,46.42.148.0/23,,,
3,52.4382,9.7987,46.83.152.0/21,,,
3,48.8582,2.3387,46.105.82.0/25,,,
3,51.2993,9.491,46.115.14.0/24,,,
3,47.4056,9.607,46.140.27.0/25,,,
3,52.2394,21.0362,46.169.177.0/24,,,
3,38.6975,-9.4231,46.189.163.0/24,,,
3,38.7167,-9.1333,46.189.219.192/26,,,
3,40.1621,29.0659,46.196.195.0/24,,,
3,59.3247,18.056,46.230.212.0/24,,,
3,46.4306,14.0669,46.248.72.0/21,,,
3,49.352,11.3115,47.68.32.0/23,,,
3,51.2738,0.497,51.7.107.0/25,,,
3,51.9291,1.0935,51.7.138.0/25,,,
3,21.4267,39.8261,51.36.76.0/24,,,
3,60.393,5.3242,51.175.4.0/23,,,
3,26.4344,50.1033,51.253.60.0/23,,,
3,47.3667,8.55,62.2.108.0/24,,,
3,53.2122,-2.9719,62.6.133.0/24,,,
3,40.7259,8.5555,62.10.195.0/24,,,
3,45.0705,7.6868,62.18.126.0/23,,,
3,47.8735,14.849,62.40.160.0/21,,,
3,59.95,10.75,62.63.40.0/24,,,
3,57.1519,24.8647,62.84.8.0/21,,,
3,43.1854,-2.053,62.99.20.128/25,,,
3,39.4698,-0.3774,62.117.252.0/22,,,
3,51.2993,9.491,62.156.48.0/21,,,
3,47.2683,8.3106,62.167.63.64/26,,,
3,47.3285,8.2051,62.202.182.128/26,,,
3,51.5232,-0.1578,63.222.5.184/30,,,
3,53.17,-6.5325,64.43.7.0/25,,,
3,47,8,66.249.93.48/28,,,
3,49.4131,7.5702,77.22.248.204/31,,,
3,51.5633,38.7681,77.45.192.0/24,,,
3,41.5909,-8.4275,77.54.87.0/24,,,
3,47.5056,8.7241,77.56.243.0/24,,,
3,26,50.55,77.69.197.0/24,,,
3,43.416,5.2145,77.134.122.0/23,,,
3,52.2611,4.4944,77.160.158.64/26,,,
3,52.3785,4.7988,77.160.188.0/24,,,
3,51.8323,4.6456,77.161.80.192/26,,,
3,51.6073,4.7967,77.163.231.128/25,,,
3,53.6591,9.8009,77.187.231.0/24,,,
3,50.9643,11.041,77.190.79.0/24,,,
3,42.8141,-1.6412,77.231.206.0/24,,,
3,45.59,8.0398,77.242.188.0/24,,,
3,51.9466,5.87,77.249.113.0/24,,,
3,45.2403,13.9367,78.2.110.0/24,,,
3,50.2575,19.0271,78.10.32.224/27,,,
3,51.05,3.7167,78.23.2.128/25,,,
3,51.1397,7.2158,78.34.18.0/25,,,
3,48.0667,8.45,78.43.14.0/23,,,
3,56.0497,24.0203,78.60.160.0/23,,,
3,59.6667,12.5667,78.73.37.0/25,,,
3,59.6553,12.5852,78.73.39.192/26,,,
3,44.418,26.1691,78.97.157.0/25,,,
3,50.6828,3.0478,78.112.136.0/24,,,
3,35.8417,14.5514,78.133.125.0/24,,,
3,53.6819,-6.2392,78.152.221.128/25,,,
3,54.6841,25.317,78.158.16.0/20,,,
3,39.5942,36.9065,78.182.96.0/21,,,
3,41.0177,28.9744,78.190.207.0/24,,,
3,47.2165,-1.5524,78.193.224.0/22,,,
3,48.0134,2.7359,78.201.20.192/26,,,
3,42.5459,9.4186,78.203.177.0/24,,,
3,42.6707,2.6216,78.215.98.0/23,,,
3,49.0446,2.5048,78.234.222.0/23,,,
3,43.7223,7.1508,78.243.124.0/22,,,
3,46.2057,5.2258,78.246.12.0/26,,,
3,48.803,2.2669,78.249.76.0/24,,,
3,44.6029,4.8179,78.252.170.0/24,,,
3,45.8254,9.2245,79.0.78.0/24,,,
3,37.4922,15.0704,79.7.129.0/25,,,
3,42.5633,12.6433,79.12.199.0/24,,,
3,41.8919,12.5113,79.13.208.0/23,,,
3,45.4643,9.1895,79.20.119.0/24,,,
3,45.553,9.2991,79.24.135.0/24,,,
3,45.126,7.6314,79.24.204.0/24,,,
3,38.1105,15.6613,79.24.226.0/24,,,
3,41.8919,12.5113,79.33.62.0/24,,,
3,43.0667,9.8333,79.48.162.0/24,,,
3,41.8919,12.5113,79.53.234.0/23,,,
3,41.8919,12.5113,79.56.254.0/24,,,
3,46.862,3.6465,79.88.53.0/24,,,
3,43.0982,5.8847,79.89.164.0/22,,,
3,47.8667,17.2833,79.121.26.0/24,,,
3,37.9833,23.7333,79.129.52.0/22,,,
3,59.36,18.0009,79.138.208.0/22,,,
3,41.3888,2.159,79.151.12.0/22,,,
3,37.9833,23.7333,79.167.248.0/21,,,
3,32.2696,34.8876,79.177.136.0/22,,,
3,31.9264,34.8033,79.179.147.0/24,,,
3,32.0678,34.7647,79.181.114.0/23,,,
3,49.9661,8.2663,79.204.80.0/23,,,
3,49.7044,8.2481,79.211.132.0/23,,,
3,52.6251,13.5441,79.236.148.0/25,,,
3,52.4838,13.3543,79.245.231.0/24,,,
3,52.5833,13,79.247.178.0/23,,,
3,53.7029,-1.6337,80.44.154.0/24,,,
3,53.2019,5.7972,80.61.210.0/25,,,
3,41,20,80.90.88.0/24,,,
3,47.1167,18.3833,80.99.8.48/28,,,
3,48.2077,16.1754,80.108.129.0/25,,,
3,48.164,16.4463,80.109.234.0/24,,,
3,45.8969,11.9824,80.117.114.0/24,,,
3,51.645,7.8608,80.149.184.0/21,,,
3,49.2516,6.0475,80.185.72.0/24,,,
3,52.9062,-1.0441,80.189.219.0/25,,,
3,56.4532,9.402,80.198.192.0/23,,,
3,51.1605,4.7784,80.200.49.0/24,,,
3,50.8796,4.7009,80.200.61.0/24,,,
3,61.1151,10.4663,80.213.54.0/24,,,
3,52.6921,-1.8208,80.229.26.128/25,,,
3,51.422,-0.5545,80.234.231.128/25,,,
3,59.9127,10.7461,81.0.148.0/22,,,
3,48.3064,14.2861,81.10.250.0/25,,,
3,51.4964,-0.1224,81.20.5.96/27,,,
3,50.0848,14.4112,81.31.33.80/28,,,
3,36.7267,-4.4348,81.32.8.64/26,,,
3,27.8099,-15.5637,81.41.128.0/23,,,
3,51.2333,4.5333,81.82.125.128/25,,,
3,51.4463,0.3255,81.130.141.192/26,,,
3,51.5,-0.0667,81.134.131.0/25,,,
3,52.0632,-1.3422,81.146.42.0/24,,,
3,50.9142,-1.5376,81.151.178.192/26,,,
3,51.5,-0.0167,81.157.178.0/24,,,
3,51.4434,-0.1468,81.158.144.128/25,,,
3,42.9753,47.5022,81.163.40.0/21,,,
3,59.3326,18.0649,81.170.179.128/27,,,
3,51.4927,-0.258,81.187.74.0/23,,,
3,53.3627,5.9658,81.206.183.0/24,,,
3,48.2,16.3667,81.223.62.64/28,,,
3,59.3644,17.8741,81.225.102.0/25,,,
3,61,14.6333,81.227.17.128/25,,,
3,58.2167,11.9167,81.233.14.0/24,,,
3,51.0167,5.75,81.240.235.0/26,,,
3,51.1,4.5167,81.243.164.0/22,,,
3,50.9,2.2167,81.254.10.0/23,,,
3,48.7916,2.6475,81.255.90.0/24,,,
3,51.5751,0.1858,82.4.139.0/24,,,
3,51.4563,-0.9711,82.5.18.192/26,,,
3,44.4048,8.9444,82.52.60.128/26,,,
3,45.9619,9.9264,82.52.193.0/24,,,
3,49.1972,-0.3268,82.67.104.0/22,,,
3,51.4964,-0.1224,82.70.13.160/27,,,
3,51.4964,-0.1224,82.70.23.0/24,,,
3,44.4196,27.8254,82.79.76.0/22,,,
3,43.1479,12.1097,82.85.142.0/24,,,
3,51.4272,4.3278,82.101.253.0/24,,,
3,44.1807,28.6343,82.137.26.0/23,,,
3,55.7386,37.6068,82.147.76.0/23,,,
3,59.9284,10.9572,82.164.100.0/23,,,
3,63.3806,10.3463,82.164.235.0/24,,,
3,52.523,5.486,82.169.77.128/25,,,
3,51.8022,4.6631,82.169.83.0/24,,,
3,63.3067,9.8503,82.194.196.0/23,,,
3,48.8156,7.7905,82.231.82.0/23,,,
3,48.6511,2.4141,82.231.152.0/22,,,
3,51.6375,22.9022,83.9.22.0/24,,,
3,50.0253,20.8488,83.22.159.0/24,,,
3,41.9844,2.8211,83.44.191.0/24,,,
3,42.0096,-4.5241,83.58.176.128/25,,,
3,46.2497,7.0098,83.76.236.0/25,,,
3,46.8024,7.1513,83.79.86.0/25,,,
3,55.4459,9.3611,83.93.174.0/24,,,
3,43.3603,-5.8448,83.97.238.0/24,,,
3,53.7495,-0.2726,83.100.220.0/22,,,
3,43.1244,5.9284,83.113.104.0/23,,,
3,39.9167,-8.6285,83.132.52.0/23,,,
3,50.5833,5.8667,83.134.75.0/25,,,
3,37.987,-1.13,83.142.240.0/24,,,
3,43.6768,4.6303,83.153.231.0/24,,,
3,51.008,5.8536,83.162.160.0/24,,,
3,56.1616,15.5866,83.226.93.128/25,,,
3,59.2333,18.3,83.251.212.0/22,,,
3,60.1454,16.1679,83.253.206.128/26,,,
3,47.6667,19.0833,84.0.140.128/25,,,
3,46.0967,18.2068,84.2.101.0/24,,,
3,51.2993,9.491,84.11.128.0/20,,,
3,48.8565,2.321,84.14.218.128/25,,,
3,59,26,84.50.96.0/21,,,
3,50.6272,6.8478,84.62.175.128/26,,,
3,52.0256,4.8686,84.80.73.128/26,,,
3,51.4212,5.6798,84.80.185.0/26,,,
3,51.9251,4.5786,84.82.208.0/25,,,
3,50.9686,5.7676,84.85.230.0/24,,,
3,47.3989,1.8316,84.98.95.192/26,,,
3,32.0678,34.7647,84.111.36.0/24,,,
3,39.5667,-0.3333,84.127.203.0/24,,,
3,52.85,7.6833,84.150.48.0/23,,,
3,49.2149,7.629,84.151.212.0/22,,,
3,51.0986,12.9739,84.155.213.0/24,,,
3,51.8956,11.0562,84.160.212.0/23,,,
3,52.4328,13.4555,84.161.177.0/24,,,
3,50.1785,8.9232,84.165.202.0/24,,,
3,52.1984,8.5864,84.168.24.0/22,,,
3,49.4044,11.1341,84.168.235.0/26,,,
3,49.9892,9.5722,84.177.25.0/24,,,
3,48.6725,12.6932,84.177.92.0/25,,,
3,55.7386,37.6068,84.201.128.0/21,,,
3,58.9995,5.6187,84.212.245.192/26,,,
3,60.4577,5.2884,84.215.170.0/25,,,
3,44.6478,10.9254,84.223.116.0/22,,,
3,47.5,19.0833,84.224.186.0/25,,,
3,46.8672,7.0134,84.226.111.0/24,,,
3,31.5,34.75,84.228.7.0/24,,,
3,32.0678,34.7647,84.229.57.0/24,,,
3,25,45,84.235.112.0/20,,,
3,53.2099,5.8038,84.245.42.192/26,,,
3,54.1,-4.7833,84.246.200.0/25,,,
3,61.0487,28.1693,84.248.137.0/26,,,
3,45.1667,15.5,85.10.49.192/26,,,
3,55.6314,13.7062,85.30.182.128/25,,,
3,43.3139,-1.8998,85.62.32.0/22,,,
3,48.8655,2.3426,85.69.200.0/21,,,
3,48.8925,2.3444,85.69.212.0/22,,,
3,37.9833,23.7333,85.74.114.0/23,,,
3,55.7123,12.0564,85.83.192.0/19,,,
3,43.0846,-2.1502,85.85.226.128/25,,,
3,41.0177,28.9744,85.101.80.0/22,,,
3,38.4093,38.3048,85.106.192.0/21,,,
3,51.2993,9.491,85.131.212.0/22,,,
3,52.987,6.5765,85.144.63.128/25,,,
3,51.9391,6.0694,85.145.172.0/24,,,
3,51.9172,4.3563,85.146.154.0/23,,,
3,58.1517,8.0235,85.164.92.0/22,,,
3,59.3247,18.056,85.194.128.0/20,,,
3,50.6667,5.2667,85.201.175.0/25,,,
3,54.15,-4.4833,85.203.22.80/28,,,
3,36.5154,-4.8858,85.217.135.0/24,,,
3,68.7983,16.5417,85.221.24.0/22,,,
3,48.1449,13.7507,85.236.234.0/24,,,
3,38.7167,-9.1333,85.240.138.0/24,,,
3,51.4964,-0.1224,85.255.234.88/29,,,
3,52.2758,-0.8331,86.0.114.0/23,,,
3,52.6474,-1.0865,86.8.157.0/24,,,
3,50.8359,-0.1884,86.27.202.0/23,,,
3,48.4676,-2.5144,86.73.122.0/23,,,
3,51.8122,5.7952,86.82.119.0/24,,,
3,53.1818,5.8376,86.88.241.128/25,,,
3,52.2447,4.4355,86.89.73.0/24,,,
3,51.9655,5.5707,86.90.43.64/26,,,
3,52.7158,6.4852,86.91.117.0/24,,,
3,24.4667,54.3667,86.96.0.0/21,,,
3,35.6961,51.4231,86.104.80.0/20,,,
3,47.0333,23.9167,86.124.97.0/24,,,
3,54.7022,-1.7302,86.134.20.192/26,,,
3,53.3485,-1.4068,86.137.39.0/25,,,
3,50.8162,0.3451,86.142.26.128/25,,,
3,51.7212,0.4865,86.143.234.0/23,,,
3,53.0358,-0.965,86.147.227.0/25,,,
3,50.4782,-3.5176,86.154.21.0/25,,,
3,51.8343,0.9108,86.158.47.0/25,,,
3,51.9475,0.1355,86.159.154.0/24,,,
3,52.6698,0.1373,86.163.7.0/25,,,
3,51.6037,-0.0679,86.163.119.0/25,,,
3,51.0693,-1.7957,86.170.180.128/25,,,
3,53.3159,-2.533,86.179.166.128/25,,,
3,51.6457,-0.7759,86.184.184.0/23,,,
3,50.9206,-3.585,86.190.248.128/25,,,
3,50.138,4.8254,86.192.196.0/24,,,
3,47.5718,7.241,86.204.2.0/24,,,
3,47.7802,1.6271,86.221.218.0/24,,,
3,45.8034,0.1748,86.222.109.0/24,,,
3,43.9287,4.6505,86.227.223.0/24,,,
3,45.2667,1.7667,86.239.1.0/24,,,
3,37.1249,14.8522,87.7.102.0/23,,,
3,56.1393,8.9738,87.50.180.0/24,,,
3,57.1604,10.2929,87.56.170.0/25,,,
3,50.6333,5.5667,87.67.39.0/24,,,
3,50.8466,4.3528,87.67.56.0/23,,,
3,50.815,7.0378,87.78.22.0/24,,,
3,51.4439,-0.1854,87.83.18.0/23,,,
3,42.9333,-0.5833,87.100.42.128/25,,,
3,55.7123,12.0564,87.104.229.80/29,,,
3,51.6588,6.453,87.128.49.0/25,,,
3,52.191,10.9388,87.133.16.0/24,,,
3,50.1045,8.5389,87.134.46.128/25,,,
3,48.2956,7.8251,87.142.222.0/23,,,
3,52.4402,9.6655,87.149.82.0/24,,,
3,50.6975,7.1417,87.162.112.0/23,,,
3,50.9925,5.998,87.164.143.0/24,,,
3,53.5761,13.2797,87.169.190.0/23,,,
3,51.2214,6.8116,87.175.212.0/22,,,
3,52.0495,9.2586,87.176.159.0/24,,,
3,51.268,14.0937,87.180.18.0/23,,,
3,52.0503,4.2903,87.214.70.0/25,,,
3,37.3868,-6.0774,87.219.222.0/24,,,
3,51.4964,-0.1224,87.224.102.0/25,,,
3,59.905,10.7487,87.238.42.0/25,,,
3,57,25,87.246.180.0/23,,,
3,28.0462,-16.5363,88.1.128.0/22,,,
3,42.3367,-7.8641,88.23.114.0/24,,,
3,40.4165,-3.7026,88.26.60.0/22,,,
3,43.1479,12.1097,88.46.128.0/17,,,
3,49.8758,8.8344,88.68.237.0/24,,,
3,49.6163,8.2753,88.69.6.0/23,,,
3,53.6007,11.4433,88.72.193.0/24,,,
3,49.5833,18.35,88.81.95.0/24,,,
3,64.5954,18.6735,88.83.47.0/25,,,
3,61.7037,27.2543,88.85.158.0/25,,,
3,61.0117,24.5055,88.86.149.0/25,,,
3,50.1667,14.45,88.103.74.0/25,,,
3,51.6037,-0.0679,88.109.214.0/24,,,
3,60.2642,24.8511,88.115.226.0/23,,,
3,45.5269,4.9143,88.125.10.0/25,,,
3,45.7667,5.6833,88.125.14.0/24,,,
3,52.5673,1.3823,88.144.48.0/25,,,
3,48,68,88.204.176.0/20,,,
3,37.9422,40.1931,88.229.44.0/23,,,
3,41.0966,36.5457,88.254.248.0/22,,,
3,47.9809,7.8327,89.13.160.0/23,,,
3,50.8165,8.7513,89.14.140.0/24,,,
3,64.1098,-21.8358,89.17.136.0/25,,,
3,49.85,13.8333,89.24.132.0/25,,,
3,35.6961,51.4231,89.34.200.0/23,,,
3,50.2848,18.9691,89.64.46.128/25,,,
3,54.4378,18.5551,89.70.83.0/25,,,
3,52.2019,20.977,89.74.148.0/22,,,
3,41.5096,2.3936,89.131.50.0/23,,,
3,47.05,18.3,89.132.238.128/25,,,
3,51.4147,5.4112,89.146.39.128/25,,,
3,26.2361,50.5831,89.148.63.176/28,,,
3,40.841,-8.4756,89.152.114.0/23,,,
3,51.2993,9.491,89.163.200.0/23,,,
3,59.8944,30.2642,89.188.111.160/27,,,
3,45.2517,19.8369,89.216.48.0/22,,,
3,50.0073,20.9035,89.230.115.0/25,,,
3,43.3602,2.2219,90.0.236.0/23,,,
3,48.7082,6.1696,90.6.222.0/23,,,
3,43.2907,5.4384,90.8.72.0/21,,,
3,48.7372,-0.5747,90.29.128.0/22,,,
3,49.2109,-0.3065,90.29.193.0/24,,,
3,49.8247,2.7656,90.34.166.0/24,,,
3,48.819,6.1011,90.39.118.0/23,,,
3,43.2333,0.0833,90.55.250.0/23,,,
3,41.6657,0.5556,90.75.237.0/24,,,
3,46.3667,6.4833,90.114.62.0/23,,,
3,58.9034,17.9479,90.142.25.128/25,,,
3,51.1811,71.4278,90.143.184.128/25,,,
3,48.2734,14.5847,90.146.140.128/25,,,
3,37.329,-5.4168,90.170.168.0/23,,,
3,51.493,0.3401,90.192.1.128/26,,,
3,51.2407,1.1886,90.194.22.0/24,,,
3,55.8289,-4.2138,90.209.56.0/23,,,
3,54.5685,-1.3187,90.212.0.0/23,,,
3,59.2667,17.2167,90.226.192.0/23,,,
3,52.6649,-2.4674,90.252.187.0/24,,,
3,51.4552,-2.5966,90.253.146.192/26,,,
3,51.2767,0.1841,90.254.13.128/25,,,
3,51.2055,-0.5255,90.254.255.32/27,,,
3,51.176,7.0653,91.22.168.0/22,,,
3,53.454,9.503,91.47.114.0/24,,,
3,48.2524,9.2235,91.56.211.0/24,,,
3,25.2582,55.3047,91.74.32.0/23,,,
3,51.4964,-0.1224,91.85.80.0/20,,,
3,52.8167,7.6167,91.97.196.0/24,,,
3,49.435,18.7889,91.127.158.0/25,,,
3,48.2,16.3667,91.133.81.32/29,,,
3,60.1754,24.7605,91.158.224.0/23,,,
3,65.0593,25.4494,91.159.20.0/23,,,
3,50.8,4.95,91.177.14.64/26,,,
3,50.8333,4.3667,91.178.51.128/26,,,
3,50.85,3.35,91.182.47.0/24,,,
3,59.8944,30.2642,91.199.153.0/24,,,
3,51.2993,9.491,91.223.151.0/24,,,
3,53.244,-4.15,92.3.8.0/24,,,
3,51.5167,0.0667,92.8.182.64/26,,,
3,54.571,-7.374,92.14.240.0/25,,,
3,51.119,-1.8884,92.16.16.0/23,,,
3,50.7761,-3.7273,92.19.10.0/24,,,
3,54.974,-1.6447,92.23.128.0/22,,,
3,50.6231,26.2274,92.52.184.0/21,,,
3,41.4923,2.033,92.57.82.0/24,,,
3,50.1506,8.7537,92.79.174.0/23,,,
3,47.2242,8.9826,92.105.73.0/25,,,
3,47.3667,8.55,92.105.164.0/23,,,
3,47.0362,5.8247,92.130.49.0/24,,,
3,49.1786,5.3719,92.138.78.0/24,,,
3,47.2165,5.7384,92.141.146.0/24,,,
3,50.9246,1.8814,92.142.85.0/24,,,
3,46.8162,0.3283,92.146.50.0/24,,,
3,47.3833,0.6833,92.160.144.0/24,,,
3,40.4165,-3.7026,92.191.100.0/24,,,
3,50.9535,6.8328,92.192.246.0/23,,,
3,52.4992,13.5188,92.213.88.0/24,,,
3,59.6686,9.6502,92.220.146.128/25,,,
3,51.4847,7.4996,92.228.22.0/26,,,
3,52.0401,8.1527,92.228.110.0/24,,,
3,52.4393,-1.9402,92.234.124.0/23,,,
3,50.6985,-3.5317,92.237.174.0/26,,,
3,48.8833,2.5,93.24.233.0/24,,,
3,48.2,16.3667,93.82.240.64/28,,,
3,48.2,11.3333,93.104.103.0/26,,,
3,54.099,22.9296,93.105.44.0/23,,,
3,60.1975,24.875,93.106.50.0/25,,,
3,60.0523,24.448,93.106.165.0/25,,,
3,46.0947,16.0353,93.139.136.128/25,,,
3,40.8522,14.2681,93.150.32.0/22,,,
3,56.6431,9.7903,93.164.160.0/23,,,
3,24.6494,46.7786,93.168.119.0/24,,,
3,50.61,36.58,93.170.110.0/24,,,
3,52.7368,7.7581,93.196.221.192/26,,,
3,49.7144,7.3078,93.204.238.0/24,,,
3,51.1498,7.3447,93.208.42.0/23,,,
3,49.9039,8.5887,93.220.238.0/23,,,
3,52.2167,10.65,93.223.196.0/23,,,
3,49.5403,8.5782,93.224.198.0/23,,,
3,51.6484,7.0845,93.228.197.0/25,,,
3,49.8358,9.131,93.236.91.0/24,,,
3,55.8036,-4.1294,94.5.171.0/24,,,
3,52.4685,-1.7482,94.7.239.128/25,,,
3,54.5833,-5.9333,94.9.53.192/26,,,
3,47.5,19.0833,94.21.17.128/26,,,
3,54.2044,37.6111,94.28.214.0/24,,,
3,41.1536,-8.4118,94.61.66.0/24,,,
3,64.5722,39.8475,94.72.60.0/23,,,
3,26.2131,50.45,94.79.216.0/21,,,
3,50.4058,3.896,94.109.225.0/25,,,
3,59.8585,17.6454,94.137.101.0/24,,,
3,55.7123,12.0564,94.145.120.0/22,,,
3,41.5595,14.6674,94.161.199.0/24,,,
3,42.4194,12.1056,94.162.83.128/25,,,
3,41.8919,12.5113,94.165.154.0/23,,,
3,52.0662,4.3326,94.209.0.0/21,,,
3,52.1788,5.2816,94.210.88.0/22,,,
3,52.6849,6.1811,94.215.244.0/23,,,
3,52.289,6.151,94.229.62.0/23,,,
3,49,2.3833,94.239.218.0/24,,,
3,55.8322,-4.2576,94.250.236.0/23,,,
3,55.3333,86.0833,94.251.56.0/21,,,
3,49.5583,5.8806,94.252.115.0/26,,,
3,41.0177,28.9744,95.12.200.0/22,,,
3,39.7416,-0.531,95.17.90.0/25,,,
3,41.5421,2.4445,95.21.89.0/24,,,
3,28.0997,-15.4134,95.22.112.0/23,,,
3,42.6,23.0333,95.42.209.0/24,,,
3,47.9844,37.2791,95.46.160.0/22,,,
3,41.5833,2.3333,95.63.115.0/24,,,
3,55.7386,37.6068,95.64.176.0/20,,,
3,56.65,23.7128,95.68.32.128/25,,,
3,57.7167,11.9667,95.80.55.0/24,,,
3,51.9469,4.4502,95.96.58.0/23,,,
3,52.3876,4.8841,95.96.204.128/25,,,
3,48.6557,19.3128,95.102.32.0/24,,,
3,49.0614,20.298,95.103.80.0/24,,,
3,41.3773,2.0881,95.126.76.0/22,,,
3,43.7793,11.2463,95.131.40.0/23,,,
3,52.0045,-0.7823,95.146.92.128/25,,,
3,52.7065,-2.7295,95.147.112.128/25,,,
3,57.8,-3.9,95.151.21.0/25,,,
3,53.4378,-2.9611,95.151.139.0/25,,,
3,59.8944,30.2642,95.161.232.0/24,,,
3,55.0411,82.9344,95.191.224.0/21,,,
3,52.3824,4.8995,95.215.4.0/22,,,
3,41.8919,12.5113,95.238.212.0/23,,,
3,44.3356,12.0743,95.250.172.0/26,,,
3,8,-5,102.136.32.0/20,,,
3,-25.757,28.1443,102.250.44.0/24,,,
3,-25.757,28.1443,102.250.45.32/27,,,
3,-26.2167,28.25,102.250.240.0/22,,,
3,47.1449,8.1551,103.59.95.80/28,,,
3,-29.8561,31.0352,105.0.174.0/23,,,
3,36.75,5.0833,105.103.96.0/21,,,
3,36.75,5.0833,105.111.64.0/21,,,
3,32,-5,105.133.216.0/21,,,
3,30.0355,31.223,105.200.224.0/20,,,
3,43.4766,-1.5135,109.13.76.0/23,,,
3,49.9,2.3,109.14.236.0/23,,,
3,46.5833,0.3333,109.14.246.0/24,,,
3,48.4295,1.4738,109.21.207.0/25,,,
3,45.4,5.9833,109.31.134.0/24,,,
3,52.3824,4.8995,109.33.48.0/20,,,
3,50,8,109.40.128.138/31,,,
3,53.5116,-6.3982,109.79.3.128/25,,,
3,50.7529,6.8458,109.91.133.0/24,,,
3,49.9167,16.75,109.108.116.0/24,,,
3,41.1115,16.8554,109.117.226.0/23,,,
3,65.2667,21.2833,109.124.155.0/24,,,
3,50.8466,4.3528,109.132.243.0/25,,,
3,49.7,5.6833,109.133.182.128/25,,,
3,50.7247,-1.2041,109.146.254.128/25,,,
3,52.6271,1.3072,109.149.242.128/25,,,
3,52.0292,-0.7279,109.152.153.0/24,,,
3,41.725,44.7908,109.172.137.128/25,,,
3,51.5959,-0.6874,109.181.3.128/25,,,
3,51.5895,-0.1641,109.204.24.0/22,,,
3,57.6467,11.9294,109.205.217.32/27,,,
3,30,70,117.102.8.0/23,,,
3,56.1663,10.1987,130.225.176.0/22,,,
3,51.5161,-0.0949,130.248.72.0/23,,,
3,50.0511,19.9299,130.255.152.0/21,,,
3,60.1708,24.9375,134.37.32.0/19,,,
3,54.0333,-2.85,137.221.150.0/24,,,
3,37.4725,-4.4421,139.47.17.64/26,,,
3,58.4513,5.9997,141.0.123.64/26,,,
3,47.9809,7.8327,141.70.26.0/24,,,
3,51.4964,-0.1224,141.226.116.0/23,,,
3,37.9833,23.7333,143.233.188.0/23,,,
3,46.7905,7.1172,144.2.117.0/24,,,
3,51.8677,5.867,145.101.140.0/22,,,
3,52.2276,5.1873,145.133.137.0/24,,,
3,43.1479,12.1097,146.48.0.0/19,,,
3,53.5352,-1.0534,146.90.129.0/25,,,
3,50.7894,0.2837,146.199.208.0/25,,,
3,51.5333,0.0833,147.147.229.0/25,,,
3,42.7858,-8.8873,148.3.2.0/26,,,
3,51.505,-0.2211,149.6.8.176/29,,,
3,43.1479,12.1097,151.35.95.128/25,,,
3,45.5979,8.9151,151.38.103.0/24,,,
3,45.6495,13.7768,151.38.128.192/26,,,
3,46.7994,11.9343,151.62.128.0/24,,,
3,45.6286,9.2712,151.66.100.0/23,,,
3,40.8522,14.2681,151.75.12.0/22,,,
3,42.4584,14.2028,151.76.250.0/23,,,
3,54.7852,56.0456,151.236.106.0/24,,,
3,30.7885,31.0019,154.184.8.0/22,,,
3,30.0081,31.2109,156.197.72.0/21,,,
3,60.1708,24.9375,157.124.128.0/17,,,
3,51.4007,-0.7635,158.143.78.0/23,,,
3,59.95,10.75,158.150.64.0/19,,,
3,52.3529,4.9415,159.65.192.0/20,,,
3,-29.8561,31.0352,160.119.220.0/26,,,
3,6.4531,3.3958,160.152.9.0/24,,,
3,-29.123,26.1662,160.226.252.0/22,,,
3,51.5158,-0.4234,165.120.187.0/24,,,
3,51.2993,9.491,167.233.0.0/16,,,
3,51.5161,-0.0949,168.81.92.0/22,,,
3,52.3824,4.8995,169.46.248.0/21,,,
3,32.0678,34.7647,176.13.18.128/26,,,
3,55.6759,12.5655,176.22.222.0/24,,,
3,50.9143,-1.2698,176.25.216.0/23,,,
3,48.8582,2.3387,176.31.86.192/28,,,
3,37.9833,27.7667,176.54.159.192/26,,,
3,47.5333,19.4,176.63.8.160/27,,,
3,57.6333,12.8333,176.71.124.0/23,,,
3,48.4593,35.0386,176.112.26.0/23,,,
3,47.4255,0.3896,176.139.203.0/24,,,
3,50.6857,2.8821,176.150.11.0/24,,,
3,50.633,3.0586,176.169.39.0/24,,,
3,47.3833,0.6833,176.169.180.0/24,,,
3,48.8637,2.2769,176.186.198.192/26,,,
3,52.3151,20.9651,176.241.240.0/23,,,
3,51.7883,6.1386,178.9.53.0/24,,,
3,51.2993,9.491,178.15.82.0/23,,,
3,59.2667,17.7333,178.31.126.0/23,,,
3,51.2993,9.491,178.33.223.176/30,,,
3,50.3517,18.9208,178.37.155.0/25,,,
3,51.1459,17.1267,178.37.179.0/24,,,
3,47.4239,9.3748,178.82.183.0/24,,,
3,52.2349,6.1018,178.84.29.0/24,,,
3,52.3521,5.1493,178.85.202.0/24,,,
3,43.1479,12.1097,178.132.108.0/22,,,
3,50.4547,30.5238,178.133.115.0/25,,,
3,44.4386,20.6992,178.149.154.0/24,,,
3,63.7464,11.2996,178.164.30.0/23,,,
3,46.516,6.6328,178.198.60.0/24,,,
3,52.0342,8.5553,178.202.208.0/22,,,
3,59.9127,10.7461,178.232.53.128/25,,,
3,59.5419,5.3518,178.232.116.128/25,,,
3,59.9127,10.7461,178.232.142.0/24,,,
3,52.6186,39.5689,178.234.120.0/23,,,
3,47.1833,9.5333,178.250.60.0/22,,,
3,44.8708,20.6403,178.253.228.0/22,,,
3,30.2361,67.0028,182.183.136.0/21,,,
3,24,54,185.1.15.0/24,,,
3,51.2993,9.491,185.2.160.0/22,,,
3,42,21.4333,185.2.191.0/24,,,
3,55.7386,37.6068,185.8.202.0/24,,,
3,50.605,-1.242,185.13.108.0/24,,,
3,53.2621,6.0429,185.35.33.0/25,,,
3,59.3333,18.05,185.52.181.64/26,,,
3,58.05,38.8333,185.67.52.0/22,,,
3,43.3412,3.214,185.71.150.0/23,,,
3,49.8934,10.8911,185.76.96.0/23,,,
3,55.7386,37.6068,185.85.8.0/23,,,
3,51.856,4.6701,185.116.41.0/24,,,
3,38.2524,-2.8887,185.172.62.0/25,,,
3,40.4172,-3.684,185.181.252.0/22,,,
3,53.1925,-6.1692,185.233.176.0/22,,,
3,55.7386,37.6068,185.243.128.0/22,,,
3,46.719,11.9169,188.10.216.0/23,,,
3,41.88,12.9779,188.12.63.0/24,,,
3,55.9089,37.7339,188.35.164.64/27,,,
3,21.5169,39.2192,188.50.220.168/31,,,
3,40.2056,-8.4196,188.82.134.0/24,,,
3,49.25,4.0333,188.94.206.32/27,,,
3,52.4835,13.5287,188.103.97.0/25,,,
3,48.9356,8.9604,188.105.9.0/24,,,
3,45.5356,10.2147,188.152.64.0/24,,,
3,45.4667,9.2,188.153.171.0/24,,,
3,48.15,11.5833,188.174.96.0/24,,,
3,55.8476,12.4279,188.183.101.0/24,,,
3,47.856,12.3462,188.192.52.0/24,,,
3,48.776,11.4459,188.195.198.0/24,,,
3,49.4478,11.0683,188.195.234.64/29,,,
3,54.2548,-0.4748,188.220.255.0/25,,,
3,51.4964,-0.1224,188.231.95.128/25,,,
3,31.95,35.9333,188.247.73.160/28,,,
3,41.1496,-8.611,188.250.4.0/23,,,
3,59.237,17.9819,192.165.16.0/23,,,
3,51.4964,-0.1224,192.188.125.0/24,,,
3,48.8628,2.3292,192.227.175.120/29,,,
3,52.6647,-8.6231,193.1.104.0/21,,,
3,51.2993,9.491,193.23.152.0/22,,,
3,50.9167,3.85,193.53.188.0/22,,,
3,50.4701,20.7194,193.59.88.0/21,,,
3,51.4964,-0.1224,193.60.199.0/24,,,
3,48.3392,16.7202,193.80.74.0/23,,,
3,36.8933,27.2889,193.92.237.0/24,,,
3,52.3824,4.8995,193.110.55.0/24,,,
3,46.2389,14.3556,193.138.56.0/24,,,
3,46,25,193.169.136.0/23,,,
3,50.4547,30.5238,193.178.34.0/24,,,
3,48.6188,17.7883,193.187.56.0/21,,,
3,43.1479,12.1097,193.205.136.0/22,,,
3,44.4333,26.1,193.226.52.0/23,,,
3,51.2993,9.491,193.235.96.0/24,,,
3,51.4964,-0.1224,193.240.172.228/30,,,
3,43.5283,5.4497,193.248.157.0/24,,,
3,46.7377,0.4296,193.251.48.0/24,,,
3,48.8582,2.3387,194.3.188.0/22,,,
3,47.1449,8.1551,194.6.180.0/23,,,
3,51.4964,-0.1224,194.62.126.0/23,,,
3,51.2993,9.491,194.117.104.224/29,,,
3,47.7222,14.3275,194.118.60.0/24,,,
3,55.7522,37.6156,194.135.95.36/32,,,
3,61.2876,24.0034,194.142.56.0/23,,,
3,60.2005,24.6817,194.157.14.0/24,,,
3,24,54,194.170.16.0/21,,,
3,51.4964,-0.1224,194.176.155.0/24,,,
3,51.4964,-0.1224,194.221.42.0/23,,,
3,46,15,194.249.80.0/21,,,
3,59.95,10.75,195.0.232.0/21,,,
3,55.7522,37.6156,195.9.216.0/21,,,
3,47.3667,8.55,195.28.224.32/28,,,
3,52.3824,4.8995,195.33.24.0/22,,,
3,59.3333,18.05,195.67.140.0/22,,,
3,47.5,19.0833,195.70.48.0/21,,,
3,37.0246,-3.6268,195.76.156.0/22,,,
3,51.4964,-0.1224,195.79.144.128/25,,,
3,52.2394,21.0362,195.79.199.200/29,,,
3,55.7123,12.0564,195.112.171.180/30,,,
3,55.7522,37.6156,195.128.64.0/21,,,
3,41.0177,28.9744,195.155.104.0/23,,,
3,36.9081,30.6956,195.155.111.0/25,,,
3,51.4964,-0.1224,195.190.74.0/25,,,
3,47.4925,19.0514,195.228.126.0/23,,,
3,38.8894,-3.7113,195.235.122.0/24,,,
3,59.3501,17.9658,195.252.34.0/23,,,
3,10,8,196.222.120.0/21,,,
3,30.0355,31.223,196.223.7.0/24,,,
3,36.7642,3.1468,197.207.32.0/21,,,
3,1,38,197.211.30.0/23,,,
3,-1.2833,36.8167,197.237.247.0/24,,,
3,-26.2309,28.0583,197.245.224.0/23,,,
3,59,26,198.46.238.192/26,,,
3,50.0848,14.4112,198.141.16.0/24,,,
3,42.7833,12.6,206.165.37.0/24,,,
3,31,36,208.24.20.152/32,,,
3,52.0744,-0.0238,209.93.46.0/25,,,
3,48.2,16.3667,212.17.107.0/25,,,
3,51.2993,9.491,212.63.168.44/30,,,
3,51.4964,-0.1224,212.110.180.0/24,,,
3,51.2,4.5167,212.123.11.0/25,,,
3,48.7833,5.1667,212.129.54.164/30,,,
3,52.3824,4.8995,212.136.200.64/27,,,
3,43.2627,-2.9253,212.142.206.0/25,,,
3,50.9379,-0.472,212.159.117.167/32,,,
3,51.4964,-0.1224,212.187.144.0/21,,,
3,47.242,5.2242,212.195.94.128/26,,,
3,48.7933,2.2927,212.198.252.0/23,,,
3,51.2993,9.491,212.211.147.0/24,,,
3,51.4964,-0.1224,212.219.62.0/24,,,
3,51.4964,-0.1224,212.219.122.0/24,,,
3,41.0214,28.9948,212.252.224.0/19,,,
3,34.7667,32.4167,213.7.244.0/25,,,
3,63.8284,20.2597,213.21.115.0/24,,,
3,40.6009,-3.7081,213.37.158.0/23,,,
3,50.1544,8.6912,213.61.48.0/22,,,
3,43.1479,12.1097,213.82.193.0/24,,,
3,59.15,16.85,213.89.156.0/24,,,
3,52.4968,4.938,213.93.178.0/24,,,
3,51.1591,11.1152,213.95.205.0/24,,,
3,51.6515,-0.085,213.105.152.0/21,,,
3,52.3824,4.8995,213.124.83.0/25,,,
3,52.3824,4.8995,,,,